Location,loc_type_fin,Pop_Mid2020,Density_Mid2020,CDR_Yr_Last,days_2021,CCDR_2021,CCMR_2021,ISCDR_2021,days_l12m,CCDR_l12m,CCMR_l12m,ISCDR_l12m,CDR_l12m,e0_l12m_M,e0_l12m_F,e0_l12m_B,e0_Diff_M,e0_Diff_F,e0_Diff_B
World,Global,7794798.729,59.917,7.546,213,0.527807275,0.673124227,0.937837573,365,0.454549389,0.579696833,0.807668851,8.195216137,69.59379326,74.48759698,71.98101458,-0.766127446,-0.669919509,-0.719196745
Afghanistan,Cntry/Terr,38928.341,59.627,6.517,214,0.196549736,0.827757394,1.153281897,365,0.138870547,0.584844958,0.814841531,6.393866694,63.17813137,66.35554653,64.72808999,-0.472785799,-0.334795729,-0.40547357
Albania,Cntry/Terr,2877.8,105.029,7.821,214,0.756256564,0.644798912,0.898373023,365,0.800264091,0.682320577,0.950650486,9.26464387,76.01626881,79.52410821,77.72740998,-1.083105835,-0.7667836,-0.928802305
Algeria,Cntry/Terr,43851.043,18.411,4.719,214,0.059704566,0.10010573,0.139473386,365,0.070488631,0.118187208,0.164665599,4.933307769,75.63005856,78.15818537,76.86329115,-0.212116407,-0.14097866,-0.177415067
Andorra,Cntry/Terr,77.265,164.394,NA,214,0.971290092,NA,1.233279394,365,0.983627775,0.910340618,1.268341862,NA,NA,NA,NA,NA,NA,NA
Angola,Cntry/Terr,32866.268,26.363,8.332,214,0.031708077,0.150284741,0.209385833,365,0.029361411,0.139162397,0.193889507,7.890067763,58.54876291,64.18442775,61.29786771,-0.088846652,-0.073267663,-0.081247145
Antigua and Barbuda,Cntry/Terr,97.928,222.564,6.344,214,0.661844254,0.823375331,1.14717654,365,0.408463361,0.508153773,0.707990713,7.010813301,75.14274363,77.72201436,76.40092447,-0.821725832,-0.522153513,-0.675592993
Argentina,Cntry/Terr,45195.777,16.515,7.612,214,2.359656715,2.496440356,3.478192391,365,2.264171717,2.395420321,3.337445141,9.970753992,70.48767784,77.25043983,73.78658613,-2.916572718,-2.85607982,-2.887063988
Armenia,Cntry/Terr,2963.234,104.083,9.905,214,1.033759409,1.059528603,1.476199628,365,1.313092385,1.345824694,1.875084738,10.82126147,70.01531731,77.27041327,73.55438851,-1.44904616,-1.327282478,-1.389649242
Aruba,Cntry/Terr,106.766,593.144,8.974,214,0.974486785,0.885174856,1.233279394,365,1.002191709,0.910340618,1.268341862,10.5558515,72.78562263,77.773946,75.2189511,-1.12212327,-0.991494636,-1.058401985
Australia,Cntry/Terr,25499.881,3.319,6.598,214,0.00107019,0.000763553,0.001063829,365,0.028588369,0.020397072,0.028418441,6.895968699,81.5919443,85.46719966,83.48231277,-0.049043899,-0.041037485,-0.045138332
Austria,Cntry/Terr,9006.4,109.289,9.873,214,0.855227767,0.50239916,0.699973036,365,1.112542192,0.653557197,0.910575598,11.09341872,78.13163565,82.93317603,80.47385047,-1.240269363,-1.041971231,-1.143538567
Azerbaijan,Cntry/Terr,10139.175,122.664,6.752,214,0.401371851,0.649687911,0.905184673,365,0.452305045,0.732131858,1.020050591,7.344825891,69.76814297,74.94204343,72.29199686,-0.766092355,-0.620471346,-0.695057716
Bahamas,Cntry/Terr,393.248,39.286,6.714,214,0.507456045,0.756028939,1.053345455,365,0.694218407,1.034275206,1.44101506,7.798520778,70.47915305,75.24922929,72.80601951,-1.232970816,-0.94327521,-1.091655887
Bahrain,Cntry/Terr,1701.583,2238.925,2.382,214,1.034440821,2.909773388,4.054073086,365,0.727557809,2.046543706,2.851369042,3.190106543,73.85040947,76.63748243,75.20995726,-2.708554749,-1.908618872,-2.318342126
Bangladesh,Cntry/Terr,164689.383,1265.187,5.548,214,0.138331923,0.268132729,0.37357881,365,0.108282633,0.209887329,0.292427779,5.739059396,70.86300562,74.61182482,72.69169791,-0.269267117,-0.230843355,-0.250523818
Barbados,Cntry/Terr,287.371,668.305,8.98,214,0.243343645,0.164983033,0.229864386,365,0.142672712,0.096729778,0.134769804,9.352722452,77.75636565,80.44454666,79.06767346,-0.222175744,-0.154131841,-0.188983596
Belarus,Cntry/Terr,9449.321,46.569,12.554,214,0.368221087,0.293728515,0.409240414,365,0.308064463,0.245741812,0.342382424,12.97355725,69.48598977,79.33149571,74.28867559,-0.237354555,-0.284324767,-0.260266854
Belgium,Cntry/Terr,11589.616,382.748,9.794,214,0.840764311,0.491736719,0.685117475,365,1.328861974,0.777209758,1.082855859,11.27776321,78.02281092,82.71669294,80.31250946,-1.482127,-1.279133013,-1.383105543
Belize,Cntry/Terr,397.621,17.432,4.702,214,0.38176823,0.77445559,1.079018585,365,0.842510833,1.709118709,2.381248034,5.785394897,69.35747001,75.83619254,72.51782246,-2.423183363,-2.076650421,-2.254142903
Benin,Cntry/Terr,12123.198,107.513,8.959,214,0.009004132,0.03138275,0.043724354,365,0.005939027,0.020699718,0.028840105,8.602346965,60.46884124,63.61811379,62.00507175,-0.017578656,-0.012119228,-0.01491552
Bermuda,Cntry/Terr,62.273,1245.46,NA,214,0.629951535,NA,1.233279394,365,0.385399772,0.910340618,1.268341862,NA,NA,NA,NA,NA,NA,NA
Bolivia (Plurinational State of),Cntry/Terr,11673.029,10.775,6.785,214,1.267403624,1.898796951,2.645519286,365,1.280301797,1.918120717,2.672442331,8.225695253,66.1796223,72.26927399,69.1501841,-2.703217371,-2.425812674,-2.567898007
Bosnia and Herzegovina,Cntry/Terr,3280.815,64.33,10.614,214,2.930524685,2.192313243,3.054464018,365,2.852644846,2.134051661,2.973290442,13.97013421,72.39806328,77.74757243,75.00757993,-2.660347661,-2.23350613,-2.45213228
Botswana,Cntry/Terr,2351.625,4.149,5.802,214,1.107516129,3.020099371,4.207785949,365,0.666347738,1.817071853,2.531654914,6.607497398,64.77332939,70.87079259,67.74770168,-1.601567446,-1.405624995,-1.505985763
Brazil,Cntry/Terr,212559.409,25.431,6.417,214,2.903817641,3.552231298,4.949184484,365,2.190310004,2.679399574,3.73310229,8.97198996,68.90988157,76.2866602,72.50831017,-3.538984704,-3.417473912,-3.479711147
British Virgin Islands,Cntry/Terr,30.237,201.58,NA,214,1.69223879,NA,1.233279394,365,0.992161921,0.910340618,1.268341862,NA,NA,NA,NA,NA,NA,NA
Brunei Darussalam,Cntry/Terr,437.483,83.014,4.403,214,0,0,0,365,0,0,0,4.755277344,74.84917096,77.25443792,76.02247192,-1.42E-14,1.42E-14,-3.47E-16
Bulgaria,Cntry/Terr,6948.445,64.006,15.382,214,2.611513503,1.621105696,2.258622956,365,2.567624843,1.593861664,2.220664915,18.12309384,70.00824811,77.23080192,73.53144509,-1.684263963,-1.536536782,-1.612201924
Burkina Faso,Cntry/Terr,20903.278,76.401,8.274,214,0.006853998,0.031886338,0.044425984,365,0.005549369,0.02581691,0.035969688,7.779993148,61.05626357,62.66385418,61.84045411,-0.018672379,-0.011813402,-0.015326537
Burundi,Cntry/Terr,11890.781,463.037,8.042,214,0.001004076,0.004636491,0.006459841,365,0.00067279,0.003106721,0.004328473,7.66389577,60.02298403,63.66969071,61.80186534,-0.002389274,-0.001715658,-0.002060681
Cabo Verde,Cntry/Terr,555.988,137.962,5.642,214,0.567525528,1.184061068,1.649705825,365,0.494614992,1.031943634,1.437766573,6.129426222,68.65888371,75.45287443,71.97302552,-1.025370595,-0.916566828,-0.972295587
Cameroon,Cntry/Terr,26545.864,56.157,9.355,214,0.056926692,0.235848913,0.328599036,365,0.035523425,0.147174564,0.205052545,8.990030184,58.15983512,60.7682453,59.43223033,-0.094177048,-0.062513803,-0.078731563
Canada,Cntry/Terr,37742.157,4.15,7.712,214,0.49389292,0.321918233,0.448516043,365,0.465977607,0.303723099,0.423165476,8.507433659,79.98138999,83.9172106,81.90130248,-0.664975394,-0.572696993,-0.61996154
Cayman Islands,Cntry/Terr,65.72,273.833,NA,214,0,NA,1.233279394,365,0.015216068,0.910340618,1.268341862,NA,NA,NA,NA,NA,NA,NA
Central African Republic,Cntry/Terr,4829.764,7.753,12.388,214,0.012360078,0.051587711,0.071875133,365,0.008074929,0.033702625,0.046956545,11.82008322,51.30507762,55.70132011,53.44958615,-0.015362238,-0.012223489,-0.013831141
Chad,Cntry/Terr,16425.859,13.045,12.241,214,0.007268571,0.033032794,0.046023296,365,0.006027082,0.027390715,0.038162409,11.7276723,53.04903625,55.91062759,54.44493446,-0.016754234,-0.011544805,-0.014213049
Channel Islands,Cntry/Terr,173.859,915.047,7.808,214,0.284498455,0.180718829,0.251788453,365,0.230071495,0.146145789,0.203619193,8.301515268,81.00611656,84.73485632,82.82501401,-0.324359153,-0.287278304,-0.306270934
Chile,Cntry/Terr,19116.209,25.71,6.12,214,1.688101101,1.604758321,2.2358468,365,1.368001365,1.300462142,1.811882874,7.869192527,75.61656921,80.51956463,78.00827429,-2.366837352,-2.038929617,-2.20688236
China,Cntry/Terr,1439323.774,153.312,7.121,214,7.82E-05,8.36E-05,0.000116453,365,0.000131312,0.000140332,0.00019552,7.666156509,74.90938816,79.34663026,77.0738965,-0.000193904,-0.000169292,-0.000181898
"China, Hong Kong SAR",Cntry/Terr,7496.988,7139.989,6.605,214,0.014560365,0.008932299,0.012445022,365,0.024943351,0.015301915,0.021319558,7.272679873,82.02414314,87.8065007,84.84480537,-0.038646714,-0.040584491,-0.039591971
"China, Taiwan Province of China",Cntry/Terr,23816.775,672.6,7.502,214,0.056001917,0.041345107,0.057604515,365,0.032834,0.024240693,0.033773606,8.125545804,77.93060805,83.28238351,80.54123023,-0.050966311,-0.042967563,-0.047064483
Colombia,Cntry/Terr,50882.884,45.861,5.525,214,2.607373387,3.349632569,4.666911624,365,2.185174881,2.807243868,3.911222729,8.027291596,70.48150929,76.68854375,73.50933098,-4.215425391,-3.470334473,-3.851966407
Comoros,Cntry/Terr,869.595,467.273,7.272,214,0.268709255,0.941521759,1.311785323,365,0.160994486,0.564103428,0.785943171,7.277335215,62.30959433,65.99761171,64.10862719,-0.443537458,-0.319986638,-0.383268765
Congo,Cntry/Terr,5518.092,16.158,6.754,214,0.021636559,0.083927071,0.116932295,365,0.022471535,0.0871659,0.121444829,6.68697802,63.11565554,66.10390831,64.57333982,-0.06687787,-0.046457585,-0.056916755
Costa Rica,Cntry/Terr,5094.114,99.767,5.046,214,0.952560793,1.059326786,1.475918445,365,0.959931403,1.067523518,1.487338629,6.368270659,75.88509864,81.22154378,78.48824261,-2.091262373,-1.798077768,-1.948245493
Cote d'Ivoire,Cntry/Terr,26378.275,82.951,10.155,214,0.012479294,0.048533342,0.067619601,365,0.008719296,0.0339103,0.047245891,9.824851466,56.75999735,59.3320111,58.0146382,-0.019925263,-0.013126442,-0.016608765
Croatia,Cntry/Terr,4105.268,73.361,13.134,214,1.804377515,1.054691721,1.46946059,365,1.977702796,1.156003524,1.61061435,15.30171656,73.92304657,80.28496748,77.02642262,-1.549158801,-1.416398167,-1.484397516
Cuba,Cntry/Terr,11326.616,106.413,8.913,214,0.406426295,0.295334592,0.411478098,365,0.243497263,0.176940237,0.246523889,9.722875855,76.65694982,80.63039533,78.59521592,-0.324326037,-0.264554785,-0.295169329
Curacao,Cntry/Terr,164.1,369.595,8.766,214,1.174489,0.832447739,1.159816771,365,0.767824497,0.544214349,0.758232499,10.09364711,74.96558308,80.88036516,77.85084263,-0.977984751,-0.867584297,-0.924130871
Cyprus,Cntry/Terr,1207.361,130.667,6.991,214,0.428040218,0.362002146,0.504363385,365,0.333785835,0.282289336,0.393302655,7.761239713,78.59529184,82.72043991,80.60755919,-0.494743681,-0.422776822,-0.459637896
Czechia,Cntry/Terr,10708.982,138.646,10.497,214,2.993299168,1.945449129,2.710517935,365,2.800919826,1.82041511,2.536312943,13.68907249,74.24831005,79.7991701,76.95604666,-2.647305855,-2.254409135,-2.455648918
Democratic Republic of the Congo,Cntry/Terr,89561.404,39.506,9.58,214,0.008512668,0.032523092,0.045313148,365,0.009189226,0.035107916,0.048914482,9.168918147,59.32066587,62.44861498,60.8464947,-0.028583305,-0.019730556,-0.024264891
Denmark,Cntry/Terr,5792.203,136.512,9.717,214,0.368966034,0.227403057,0.316831756,365,0.334242429,0.206002025,0.287014538,10.30192432,78.71499496,82.6330901,80.62626088,-0.392004965,-0.332606782,-0.363030241
Djibouti,Cntry/Terr,988.002,42.623,7.078,214,0.164000387,0.387253374,0.53954493,365,0.099190083,0.234217095,0.326325488,7.212711825,64.97419569,69.27716105,67.07320318,-0.230822911,-0.167268126,-0.199820577
Dominican Republic,Cntry/Terr,10847.904,224.501,6.127,214,0.243548061,0.355492167,0.495293287,365,0.259681502,0.379041161,0.528103177,6.614780681,70.51266965,76.92394082,73.640119,-0.63415202,-0.582440383,-0.608926831
Ecuador,Cntry/Terr,17643.06,71.038,5.099,214,1.701444737,2.523851235,3.516382894,365,1.472363638,2.184042011,3.042940035,6.732597621,71.1023964,77.05750484,74.00732734,-3.394970219,-2.939531425,-3.172804954
Egypt,Cntry/Terr,102334.403,102.802,5.833,214,0.148286297,0.333888425,0.465193642,365,0.114858734,0.258621347,0.360326974,5.889689791,69.61548825,74.30287907,71.90202036,-0.256627138,-0.207521356,-0.232673098
El Salvador,Cntry/Terr,6486.201,313.041,7.024,214,0.345528642,0.47468688,0.661362604,365,0.339489942,0.46639092,0.649804169,7.537430319,68.07306976,77.43196136,72.63838274,-0.61114779,-0.572098582,-0.592099396
Equatorial Guinea,Cntry/Terr,1402.985,50.017,9.434,214,0.044980863,0.193765687,0.269966129,365,0.051319152,0.22106936,0.308007265,8.945120193,57.86717572,60.14576769,58.978684,-0.142842081,-0.093161055,-0.118607434
Estonia,Cntry/Terr,1326.539,31.294,11.619,214,1.341045079,0.790890376,1.101916527,365,0.906871189,0.534833397,0.745162386,13.13249696,73.69309628,81.97083127,77.73101579,-0.777770059,-0.805964653,-0.79152352
Eswatini,Cntry/Terr,1160.164,67.451,9.42,214,0.871795051,2.708406783,3.773516896,365,0.653355905,2.029781612,2.828015074,9.939616419,55.11639687,63.66090165,59.28444798,-0.944106574,-1.104304065,-1.022251692
Ethiopia,Cntry/Terr,114963.583,114.964,6.662,214,0.036600579,0.120506088,0.167896404,365,0.035898324,0.118193942,0.164674981,6.414448805,64.84812145,68.74538324,66.74922476,-0.117682698,-0.084309158,-0.101402922
Finland,Cntry/Terr,5540.718,18.233,9.728,214,0.130520552,0.072318242,0.100758169,365,0.118396208,0.06560044,0.091398519,10.20486849,79.14150517,84.71288773,81.85925276,-0.133319398,-0.120430964,-0.127032357
France,Cntry/Terr,65273.512,119.209,9.269,214,1.236322509,0.674438109,0.939668154,365,1.253678521,0.683906153,0.952859608,10.89399298,78.45545907,84.24547406,81.27985663,-1.421131222,-1.344549858,-1.383774459
French Guiana,Cntry/Terr,298.682,3.634,2.924,214,0.650990861,1.36598319,1.903170779,365,0.475422021,0.997584647,1.389895545,3.580200854,75.72458681,81.61793144,78.59938907,-1.518549079,-1.547523121,-1.532682758
Gabon,Cntry/Terr,2225.728,8.638,6.909,214,0.076631443,0.237892676,0.331446531,365,0.051668488,0.160398322,0.223476689,6.80734705,64.33267635,68.6361892,66.43195091,-0.133805697,-0.099407056,-0.117025872
Gambia,Cntry/Terr,2416.664,238.801,7.994,214,0.062107706,0.273956875,0.381693364,365,0.084413886,0.372349357,0.518779748,7.661954052,60.7215504,63.65568152,62.15283388,-0.256677171,-0.174343381,-0.216514347
Georgia,Cntry/Terr,3989.175,57.406,12.848,214,1.431467367,1.209603495,1.685293086,365,1.462959133,1.236214336,1.722368927,14.0774722,68.31107457,77.02724882,72.56286689,-1.153873906,-1.201336744,-1.17702651
Germany,Cntry/Terr,83783.945,240.372,11.158,214,1.178173607,0.603246543,0.840479738,365,0.984938105,0.504306414,0.702630338,12.61666709,78.15458662,83.01197589,80.5240448,-0.980997604,-0.832891837,-0.908750888
Ghana,Cntry/Terr,31072.945,136.56,7.349,214,0.026786532,0.09143627,0.127394567,365,0.020854155,0.071186001,0.099180662,7.242186407,63.13390041,65.38010917,64.229612,-0.054633333,-0.035829735,-0.045460846
Greece,Cntry/Terr,10423.056,80.862,10.812,214,1.327431019,0.644450267,0.89788727,365,1.222961865,0.593731869,0.827223316,12.69362662,78.71916543,83.77038517,81.18317506,-1.268468967,-1.003050401,-1.138996496
Guadeloupe,Cntry/Terr,400.127,245.778,8.189,214,0.532833162,0.317386548,0.442202223,365,0.66478893,0.395987109,0.551713301,9.475981348,77.76225848,84.69702106,81.1450695,-0.877145139,-0.889201049,-0.883026071
Guam,Cntry/Terr,168.783,312.561,5.179,214,0.222317203,0.257975122,0.359426615,365,0.817617888,0.948757323,1.32186635,6.322867331,75.62930652,82.10116624,78.78631126,-1.42738862,-1.532956433,-1.478885114
Guatemala,Cntry/Terr,17915.567,167.185,4.753,214,0.533134222,1.178525537,1.641993387,365,0.477015324,1.05447131,1.4691535,5.297071069,69.9855852,76.07202099,72.95457827,-1.57973491,-1.26937471,-1.42833969
Guinea,Cntry/Terr,13132.792,53.446,8.539,214,0.019221344,0.080932631,0.112760259,365,0.013934585,0.058672412,0.081745969,8.16754533,61.01178705,62.35820711,61.66857732,-0.042152313,-0.026299456,-0.034419212
Guinea-Bissau,Cntry/Terr,1967.998,69.986,9.718,214,0.026866812,0.11321158,0.157733252,365,0.02540653,0.107058233,0.149160035,9.382509196,56.48778824,60.46991275,58.430288,-0.060050101,-0.044039455,-0.05224003
Guyana,Cntry/Terr,786.559,3.996,7.422,214,0.817502589,1.338842087,1.865356146,365,0.662378792,1.084792411,1.5113987,8.257958581,65.52583393,71.98625865,68.67726062,-1.455728445,-1.220909102,-1.341182424
Haiti,Cntry/Terr,11402.533,413.735,8.568,214,0.04622067,0.10412329,0.145070895,365,0.033676728,0.075865013,0.105699746,8.502419378,61.98787309,66.37580651,64.12832842,-0.076248961,-0.060577747,-0.068604466
Honduras,Cntry/Terr,9904.608,88.521,4.437,214,0.810044938,1.737895042,2.42134097,365,0.658481386,1.412725989,1.968295687,5.2268468,70.95994938,75.86734154,73.35379922,-2.165440736,-1.842114784,-2.007720759
Hungary,Cntry/Terr,9660.35,106.709,12.528,214,3.617487109,2.370252194,3.302379376,365,3.046473471,1.996112277,2.781104911,15.96318397,71.04556368,78.10261301,74.48802677,-2.318542302,-2.265395807,-2.292617183
Iceland,Cntry/Terr,341.25,3.404,6.699,214,0.004998117,0.003729841,0.005196642,365,0.058608059,0.043736222,0.060935962,7.047029653,81.58291009,84.52382349,83.01750199,-0.099421719,-0.077777908,-0.088863763
India,Cntry/Terr,1380004.385,464.149,7.237,214,0.341163669,0.616378489,0.858775963,365,0.282270842,0.509977148,0.71053115,7.722892144,68.07685704,70.77227458,69.39169486,-0.555133967,-0.387157901,-0.473194422
Indonesia,Cntry/Terr,273523.621,150.987,6.447,214,0.458852971,0.844276824,1.17629777,365,0.331470458,0.60989651,0.849744876,7.009397913,69.07234702,73.62520035,71.29325108,-0.629151549,-0.507132463,-0.569630044
Iran (Islamic Republic of),Cntry/Terr,83992.953,51.575,4.879,214,0.726426374,1.236792433,1.723174367,365,0.886110053,1.508665224,2.101964059,5.80619531,73.77954914,76.69484949,75.20164687,-1.953298548,-1.345792747,-1.656954255
Iraq,Cntry/Terr,40222.503,92.61,4.797,214,0.251075918,0.822684151,1.146213547,365,0.349630156,1.145610421,1.596134047,5.127620529,67.56726498,71.98757802,69.72351524,-1.076032931,-0.825101755,-0.953627479
Ireland,Cntry/Terr,4937.796,71.677,6.049,214,0.96648175,0.809842992,1.128322463,365,0.662643819,0.555248408,0.77360582,7.069127238,79.66878496,83.09393723,81.33959094,-1.153699943,-0.913061632,-1.036315401
Isle of Man,Cntry/Terr,85.032,149.179,NA,214,0.080233676,NA,1.233279394,365,0.058801392,0.910340618,1.268341862,NA,NA,NA,NA,NA,NA,NA
Israel,Cntry/Terr,8655.541,399.979,5.334,214,0.621113662,0.595181485,0.829243009,365,0.690540314,0.661709498,0.921933879,6.166156051,80.01862529,83.46527472,81.6999177,-1.489487646,-1.14259339,-1.320270936
Italy,Cntry/Terr,60461.828,205.555,10.474,214,1.520754441,0.72383695,1.00849362,365,1.537102054,0.73161796,1.019334596,12.46323835,79.92962233,84.31800694,82.07029775,-1.539966802,-1.340244066,-1.442541077
Jamaica,Cntry/Terr,2961.161,273.422,7.562,214,0.514937582,0.635924062,0.886008043,365,0.40051858,0.494621895,0.689137278,8.02890852,72.23762224,75.8038818,73.97726105,-0.727579817,-0.463272352,-0.598649346
Japan,Cntry/Terr,126476.458,346.934,10.427,214,0.160734542,0.064189113,0.089432172,365,0.112305485,0.044849037,0.062486404,11.7083418,81.48688939,87.66419729,84.50021032,-0.107240863,-0.114051647,-0.110563196
Jordan,Cntry/Terr,10203.14,114.926,3.858,214,1.038763053,2.766506219,3.854464562,365,0.983716777,2.619903138,3.65020824,4.958517855,70.15631451,74.26159769,72.15889167,-2.813921439,-2.190261887,-2.509697267
Kazakhstan,Cntry/Terr,18776.707,6.955,7.129,214,0.573722369,0.890683179,1.240953924,365,0.441184921,0.684923596,0.954277171,7.719278616,68.52094062,76.9527656,72.63402598,-0.664243613,-0.706260557,-0.684739683
Kenya,Cntry/Terr,53771.3,94.478,5.518,214,0.072193951,0.304457422,0.42418858,365,0.067340756,0.283990454,0.395672756,5.535716734,64.18809365,68.99334695,66.53211965,-0.23800463,-0.188151052,-0.213685811
Kuwait,Cntry/Terr,4270.563,239.65,2.666,214,0.556745521,1.291029223,1.798740358,365,0.44092547,1.022455765,1.424547498,3.516330306,73.69075375,75.98590845,74.81034141,-1.155292209,-0.732487348,-0.949045935
Kyrgyzstan,Cntry/Terr,6524.191,34.016,6.065,214,0.256199631,0.599751793,0.83561064,365,0.148830713,0.348405994,0.485420401,6.011394853,67.26733474,75.38177995,71.22560069,-0.260363735,-0.310949402,-0.28503967
Latvia,Cntry/Terr,1886.202,30.325,14.598,214,1.73707374,0.976111112,1.359977311,365,1.338668923,0.75223612,1.04806107,16.46474077,69.5001326,79.03728982,74.15240441,-0.87033145,-1.050416742,-0.958177934
Lebanon,Cntry/Terr,6825.442,667.199,4.308,214,1.609539391,2.409429453,3.356963515,365,1.150401688,1.722114865,2.399355069,5.807052587,74.76650651,78.84266452,76.75487627,-2.508021456,-2.12278596,-2.320101702
Liberia,Cntry/Terr,5057.677,52.509,7.599,214,0.021920041,0.075322717,0.104944186,365,0.014828942,0.050955937,0.070994908,7.406310981,62.8299368,65.69108372,64.22561822,-0.042698578,-0.028342479,-0.035695603
Libya,Cntry/Terr,6871.287,3.905,5.07,214,0.513820406,1.167509979,1.626645843,365,0.505727675,1.149121562,1.601025983,5.708153529,69.1019557,75.11994553,72.0375605,-1.15142746,-0.974895333,-1.065314228
Liechtenstein,Cntry/Terr,38.137,238.356,NA,214,0.89446337,NA,1.233279394,365,1.520832787,0.910340618,1.268341862,NA,NA,NA,NA,NA,NA,NA
Lithuania,Cntry/Terr,2722.291,43.436,13.564,214,1.853287145,1.01215211,1.410191819,365,1.592776085,0.869876899,1.21196535,16.14958012,69.40239413,80.0671396,74.60470899,-1.05016848,-1.350040432,-1.196447481
Luxembourg,Cntry/Terr,625.976,241.69,7.137,214,0.890982474,0.67262495,0.937141949,365,1.131033778,0.853845682,1.189629685,8.437347082,78.65692911,83.02915139,80.78972047,-1.671790525,-1.425990981,-1.551888308
Madagascar,Cntry/Terr,27691.019,47.596,6.129,214,0.042007277,0.148118424,0.206367588,365,0.030262519,0.106706195,0.148669555,5.946502671,65.60017182,68.92753503,67.22327582,-0.101802013,-0.071044513,-0.086798354
Malawi,Cntry/Terr,19129.955,202.906,6.772,214,0.131242034,0.571963084,0.796893722,365,0.081233855,0.354023517,0.493247075,6.480250878,61.11076223,67.44283317,64.19957732,-0.243450606,-0.211600396,-0.227913918
Malaysia,Cntry/Terr,32365.998,98.512,5.054,214,0.450721796,0.739365367,1.030128754,365,0.274979934,0.451077897,0.628469134,5.671380374,73.63189839,77.95787522,75.74213099,-0.719279964,-0.480515044,-0.602809271
Maldives,Cntry/Terr,540.542,1801.807,2.839,214,0.545878199,1.33327965,1.857606221,365,0.379248976,0.926296274,1.290572253,3.10509461,76.26493962,79.77309249,77.9762337,-1.519778556,-1.184557332,-1.356256008
Mali,Cntry/Terr,20250.834,16.596,9.821,214,0.022235152,0.103180522,0.143757373,365,0.020196699,0.093721237,0.130578121,9.243029491,58.74693444,60.37788573,59.54252044,-0.066648022,-0.039586794,-0.053447423
Malta,Cntry/Terr,441.539,1379.809,8.24,214,0.78802535,0.473771164,0.660086772,365,0.937629519,0.563715149,0.785402198,9.790293327,79.70691331,83.40432589,81.5105292,-1.166943254,-0.963637236,-1.067769587
Martinique,Cntry/Terr,375.265,354.024,9.066,214,0.281794635,0.147682177,0.205759783,365,0.237165736,0.124293184,0.173172816,10.04468823,79.09295907,85.45640713,82.19708007,-0.273695096,-0.278554833,-0.276065699
Mauritania,Cntry/Terr,4649.66,4.511,7.268,214,0.080701308,0.280816822,0.39125106,365,0.08817849,0.306835218,0.427501469,7.167345622,63.18072458,66.52423901,64.81170722,-0.257171763,-0.18206223,-0.220532966
Mauritius,Cntry/Terr,1271.767,626.486,8.299,214,0.012070188,0.012356615,0.017215986,365,0.007076768,0.0072447,0.010093756,8.877386604,71.7968432,78.56818485,75.09993669,-0.009598524,-0.009653014,-0.009625104
Mayotte,Cntry/Terr,272.813,727.501,2.685,214,0.743979538,1.894147546,2.639041453,365,0.494844454,1.259857779,1.755310408,3.325590018,74.2240039,81.0381579,77.54798146,-2.103719548,-2.033659065,-2.069543703
Mexico (Country),Cntry/Terr,128932.753,66.325,5.974,214,1.524298738,2.22895599,3.10551692,365,1.512680025,2.211966144,3.081845634,7.731805481,69.404838,75.54079222,72.3979864,-2.952047366,-2.458188302,-2.711140505
Monaco,Cntry/Terr,39.244,26338.255,NA,214,1.303848341,NA,1.233279394,365,0.738966466,0.910340618,1.268341862,NA,NA,NA,NA,NA,NA,NA
Montenegro,Cntry/Terr,628.062,46.696,10.703,214,2.574452662,2.121447467,2.955729513,365,2.520451803,2.076948693,2.893731118,13.36958107,72.15643831,77.40069457,74.7146121,-2.432699934,-2.016817697,-2.22983055
Montserrat,Cntry/Terr,4.999,49.99,NA,214,0,NA,1.233279394,365,0,0.910340618,1.268341862,NA,NA,NA,NA,NA,NA,NA
Morocco,Cntry/Terr,36910.558,82.703,5.059,214,0.112981502,0.18155218,0.252949529,365,0.257026729,0.413021267,0.575446325,5.45618327,75.05853195,77.69955465,76.34683571,-0.556934201,-0.394511408,-0.47770357
Mozambique,Cntry/Terr,31255.435,39.746,8.622,214,0.070722653,0.298358817,0.415691632,365,0.046423926,0.195849378,0.272869253,8.202556648,57.90090719,63.78652533,60.77194043,-0.117161131,-0.101214957,-0.10938251
Myanmar,Cntry/Terr,54409.794,83.286,8.19,214,0.220968069,0.435451682,0.606697742,365,0.178736203,0.352227273,0.490744439,8.601216033,63.87263205,70.04174771,66.88195677,-0.284359855,-0.232236459,-0.258933808
Nepal,Cntry/Terr,29136.808,203.256,6.39,214,0.469415399,1.007042805,1.403073225,365,0.337133704,0.723257208,1.007685888,6.709365745,68.74418764,71.94534875,70.30572965,-0.726677111,-0.519512204,-0.625621059
Netherlands,Cntry/Terr,17134.873,508.152,8.715,214,0.656168533,0.397103366,0.553268538,365,0.697466506,0.42209628,0.588090185,9.861800083,79.88481834,83.36819322,81.5840256,-0.8766205,-0.692368848,-0.786741645
New Zealand,Cntry/Terr,4822.233,18.314,6.984,214,0.000353697,0.000258498,0.000360155,365,0.000829491,0.000606231,0.000844638,7.256605804,80.7383873,84.07974669,82.36831871,-0.001371625,-0.001094693,-0.001236536
Nicaragua,Cntry/Terr,6624.554,55.049,5.061,214,0.007724026,0.014975226,0.020864394,365,0.011925331,0.023120654,0.0322131,5.203048766,71.13789481,78.11854893,74.54309194,-0.033551211,-0.031699992,-0.032648178
Niger,Cntry/Terr,24206.636,19.11,8.407,214,0.00641189,0.029303642,0.040827615,365,0.005205184,0.023788752,0.033143935,7.899316838,61.52283102,63.90817494,62.68641342,-0.018277884,-0.011957147,-0.015194597
Nigeria,Cntry/Terr,206139.587,226.336,11.965,214,0.007115676,0.029633995,0.041287882,365,0.006165725,0.025677823,0.035775904,11.47300612,54.02856465,55.90028238,54.94159769,-0.013605696,-0.008436801,-0.011084284
North Macedonia,Cntry/Terr,2083.38,82.608,10.017,214,2.447833019,2.252616454,3.138482116,365,2.406186101,2.21429091,3.08508464,12.73999055,71.44366428,76.10628618,73.71811399,-2.483763674,-1.878969226,-2.188741992
Northern Marianas,Cntry/Terr,57.557,125.124,NA,214,0,NA,1.233279394,365,0,0.910340618,1.268341862,NA,NA,NA,NA,NA,NA,NA
Norway,Cntry/Terr,5421.242,14.842,7.998,214,0.114205474,0.077505994,0.10798606,365,0.100346009,0.068100213,0.094881355,8.112133202,80.48815201,84.36566641,82.37962245,-0.144535506,-0.122080997,-0.133582087
Oman,Cntry/Terr,5106.622,16.5,2.44,214,0.785232034,2.364473761,3.294328513,365,0.671481069,2.021949311,2.817102636,3.172814945,73.36432555,77.75834052,75.50774748,-2.963322826,-2.730433189,-2.849718125
Pakistan,Cntry/Terr,220892.331,286.546,6.983,214,0.102587088,0.262066382,0.365126807,365,0.079396147,0.202823391,0.282585872,7.016288026,66.22362466,68.31473284,67.24367743,-0.212758948,-0.130063628,-0.172419768
Panama,Cntry/Terr,4314.768,58.041,5.06,214,1.111175066,1.408859636,1.962908849,365,1.259859163,1.597376305,2.225561727,6.575616301,72.57394804,79.12182316,75.76803347,-3.056730043,-2.74255039,-2.903471676
Paraguay,Cntry/Terr,7132.53,17.953,5.476,214,3.056091394,5.307523575,7.394764338,365,2.102339563,3.651139758,5.086989759,7.774063711,68.00459993,72.97520751,70.42928656,-4.322949524,-3.514122743,-3.928399875
Peru,Cntry/Terr,32971.846,25.759,5.452,214,8.212425588,10.9115077,15.20257552,365,5.387080845,7.157589859,9.972389098,11.30805322,66.3734509,72.74001626,69.47909254,-7.911714868,-6.917514174,-7.42673892
Philippines,Cntry/Terr,109581.085,367.512,5.831,214,0.292182392,0.624956697,0.870727643,365,0.237760011,0.508551217,0.708544456,6.288288617,66.88295779,75.05519059,70.86941281,-0.495002362,-0.558518412,-0.525985801
Poland,Cntry/Terr,37846.605,123.589,10.089,214,2.104912935,1.404782486,1.957228316,365,1.943423987,1.297007556,1.807069735,12.53553815,73.08206247,80.76456932,76.82962679,-1.901822333,-1.906518523,-1.904113157
Portugal,Cntry/Terr,10196.707,111.33,10.591,214,1.750150419,0.890929867,1.241297625,365,1.534024661,0.780909099,1.088010006,12.78841613,77.78424288,83.63335332,80.63746748,-1.445848485,-1.324624298,-1.386714735
Puerto Rico,Cntry/Terr,2860.84,322.53,9.346,214,0.642694055,0.365853,0.50972863,365,0.827379371,0.470984947,0.656204845,11.18229313,75.82214925,82.73673908,79.1951199,-0.91457344,-0.877668901,-0.896571226
Qatar,Cntry/Terr,2881.06,248.153,1.191,214,0.210754466,0.666265878,0.928282104,365,0.149250623,0.471831507,0.657384325,1.520429319,78.35023784,81.29810274,79.78822072,-0.977381075,-0.840811287,-0.910761666
Republic of Korea,Cntry/Terr,51269.183,527.298,5.918,214,0.039322414,0.029510337,0.041115594,365,0.0350698,0.026318873,0.036669053,6.757444683,79.98524375,86.00127906,82.91989512,-0.054047689,-0.052644332,-0.053363125
Republic of Moldova,Cntry/Terr,4033.963,122.799,11.621,214,1.382594845,1.447968068,2.017397092,365,1.359457189,1.423736394,1.983636052,13.30681927,66.6013971,75.01463943,70.70541775,-1.120319863,-1.214171975,-1.166101381
Reunion,Cntry/Terr,895.308,358.123,6.21,214,0.443876903,0.409040551,0.569900149,365,0.30268913,0.278933479,0.388627071,6.689183986,77.04246915,83.27123321,80.08089064,-0.587559349,-0.539704737,-0.564215635
Romania,Cntry/Terr,19237.682,83.58,13.026,214,1.641889333,1.092320815,1.52188773,365,1.662466403,1.106010387,1.540960874,14.90311596,71.40238652,78.39792688,74.81484523,-1.338828323,-1.213765053,-1.27782185
Russian Federation,Cntry/Terr,145934.46,8.911,12.719,214,1.174066763,0.978075864,1.362714723,365,0.979535608,0.816018447,1.136926482,13.84044701,66.46113715,76.94226194,71.57388095,-0.749855716,-0.904829291,-0.825452582
Rwanda,Cntry/Terr,12952.209,525.019,5.317,214,0.095998131,0.340930884,0.475005623,365,0.063000836,0.22374322,0.311732649,5.308468027,66.79159072,71.16663026,68.92575635,-0.213910384,-0.163459225,-0.189300062
Saint Martin (French part),Cntry/Terr,38.659,729.415,NA,214,1.147101435,NA,1.233279394,365,0.905351923,0.910340618,1.268341862,NA,NA,NA,NA,NA,NA,NA
San Marino,Cntry/Terr,33.938,565.633,NA,214,1.557953674,NA,1.233279394,365,1.414343803,0.910340618,1.268341862,NA,NA,NA,NA,NA,NA,NA
Sao Tome and Principe,Cntry/Terr,219.161,228.293,4.869,214,0.155648813,0.548418649,0.764090185,365,0.100382824,0.353692466,0.492785834,4.781013724,67.76263687,72.70172415,70.17194774,-0.337553567,-0.271457578,-0.305311621
Saudi Arabia,Cntry/Terr,34813.867,16.195,3.47,214,0.099258171,0.239863785,0.334192799,365,0.155311675,0.375320702,0.522919606,3.844159038,73.6136052,76.58838085,75.06471527,-0.474712899,-0.344885069,-0.41138225
Senegal,Cntry/Terr,16743.93,86.968,5.806,214,0.097484065,0.371591149,0.517723367,365,0.069458007,0.264761021,0.368881141,5.617560551,65.74608388,69.98415966,67.81343792,-0.227283868,-0.164299565,-0.196559818
Serbia,Cntry/Terr,8737.37,99.901,13.172,214,0.94558919,0.677904199,0.944497321,365,0.985422387,0.706461095,0.984284523,14.21847194,72.68861107,78.03364575,75.29594506,-0.835212525,-0.687772086,-0.76329036
Sierra Leone,Cntry/Terr,7976.985,110.515,11.913,214,0.009407906,0.03600038,0.050157918,365,0.006644114,0.025424428,0.035422858,11.39391181,54.10179219,55.79335583,54.92694519,-0.013574707,-0.009721452,-0.011695071
Siint Maarten (Dutch part),Cntry/Terr,42.882,1261.235,NA,214,0.27842107,NA,1.233279394,365,0.443076349,0.910340618,1.268341862,NA,NA,NA,NA,NA,NA,NA
Singapore,Cntry/Terr,5850.343,8357.633,4.448,214,0.002332318,0.002125421,0.002961266,365,0.001709301,0.001557672,0.002170243,5.087456921,81.64477855,85.83040376,83.68654694,-0.003757323,-0.003320928,-0.003544447
Slovakia,Cntry/Terr,5459.643,113.534,9.869,214,3.249613385,2.552438681,3.55621266,365,2.291724935,1.800056399,2.50794795,12.57910489,71.91985383,78.98220075,75.36490111,-2.241800509,-2.069657536,-2.157828327
Slovenia,Cntry/Terr,2078.932,103.224,9.939,214,1.420975842,0.815664379,1.136433174,365,2.074141915,1.19059285,1.6588063,12.61974592,76.71940902,82.29804143,79.44069312,-2.025052369,-1.844066474,-1.936766567
Somalia,Cntry/Terr,15893.219,25.334,10.935,214,0.073297292,0.297670083,0.414732047,365,0.045302339,0.183978846,0.256330507,10.59675253,55.82163224,59.29054892,57.51378672,-0.127679743,-0.089294771,-0.108955366
South Africa,Cntry/Terr,59308.69,48.891,9.52,214,1.257363299,2.801704968,3.903505596,365,1.08549017,2.418730693,3.369922566,10.60073334,59.42661694,66.40290608,62.82968481,-1.418398474,-1.369432955,-1.394512855
South Sudan,Cntry/Terr,11193.729,18.322,10.561,214,0.008532815,0.029140919,0.040600899,365,0.006521509,0.022271988,0.031030687,10.24331118,56.55550633,59.60726053,58.04416692,-0.015761304,-0.010965062,-0.013421674
Spain,Cntry/Terr,46754.783,93.735,9.017,214,1.118070927,0.591473956,0.824077455,365,1.134493555,0.600161739,0.836181802,10.84406196,79.64894536,85.17915354,82.34660789,-1.28083183,-1.181647652,-1.232449304
Sri Lanka,Cntry/Terr,21413.25,341.465,6.616,214,0.342423805,0.402630438,0.560969191,365,0.209776657,0.246660618,0.34366256,7.211216114,73.43033842,80.0975324,76.68262817,-0.347678248,-0.297863677,-0.323378457
State of Palestine,Cntry/Terr,5101.416,847.411,3.464,214,0.736885382,2.502437735,3.486548304,365,0.690592573,2.345228926,3.26751544,4.187452995,70.05197436,73.99951957,71.97760617,-2.507698904,-1.935675512,-2.228663103
Sudan,Cntry/Terr,43849.269,24.843,7.243,214,0.050877349,0.159270013,0.221904659,365,0.04677387,0.146424193,0.204007083,7.163086227,63.51545087,67.31461033,65.36869939,-0.140818719,-0.098825365,-0.120334156
Suriname,Cntry/Terr,586.634,3.76,7.321,214,1.538039655,2.443314819,3.404174665,365,1.065400233,1.692484434,2.358072152,8.600080409,66.93574412,73.65607257,70.21395312,-1.648484256,-1.542055472,-1.596567776
Sweden,Cntry/Terr,10099.27,24.612,9.185,214,1.001145738,0.583011256,0.812286706,365,0.882836086,0.514114335,0.71629533,10.08759128,80.13268725,83.78684832,81.91520485,-1.08094613,-0.886250316,-0.985972562
Switzerland,Cntry/Terr,8654.618,219.016,8.011,214,0.642266911,0.378646572,0.527553411,365,1.031125811,0.607897195,0.846959308,9.361989823,80.64681132,84.58516157,82.56795778,-1.360841521,-1.131679378,-1.249055109
Syrian Arab Republic,Cntry/Terr,17500.657,95.304,5.522,214,0.117438849,0.268975071,0.374752412,365,0.107138835,0.245384521,0.341884625,5.13513121,69.06724169,78.12279234,73.48458347,-0.275523307,-0.255473051,-0.265742694
Tajikistan,Cntry/Terr,9537.642,68.145,4.897,214,0.005543701,0.017517886,0.024406983,365,0.006395711,0.020210206,0.028158088,4.736421712,69.04719331,73.5590045,71.24807682,-0.019204095,-0.014597288,-0.016956872
Thailand,Cntry/Terr,69799.978,136.624,7.608,214,0.120394422,0.109492539,0.152551659,365,0.070659048,0.064260773,0.089532013,8.241416991,73.52504398,80.87507261,77.1104238,-0.108217344,-0.103342112,-0.105839182
Togo,Cntry/Terr,8278.737,152.211,8.559,214,0.017511927,0.068350095,0.095229505,365,0.016306835,0.063646551,0.088676242,8.278822776,60.3612975,62.18462902,61.25072751,-0.044038731,-0.027878029,-0.036155462
Trinidad and Tobago,Cntry/Terr,1399.491,272.805,8.316,214,1.166328583,1.27170905,1.77182232,365,0.768850961,0.838318412,1.167996148,9.56337671,69.89375916,75.45767944,72.60786661,-1.0704615,-0.877899808,-0.976528968
Tunisia,Cntry/Terr,11818.618,76.072,6.258,214,2.221156879,2.943202352,4.100648349,365,1.693683644,2.244260066,3.126839488,8.074980076,72.11109603,76.65569262,74.32797241,-2.759268392,-2.237857831,-2.504921777
Turkey,Cntry/Terr,84339.067,109.584,5.398,214,0.617758691,0.824847993,1.149228343,365,0.542500666,0.724361457,1.009224396,6.198830233,73.8765039,79.7562739,76.74468439,-1.047047148,-0.958042777,-1.003630381
Turks and Caicos Islands,Cntry/Terr,38.718,40.756,NA,214,0.528624663,NA,1.233279394,365,0.413244486,0.910340618,1.268341862,NA,NA,NA,NA,NA,NA,NA
Ukraine,Cntry/Terr,43733.759,75.492,15.191,214,1.415536427,1.105936571,1.540858029,365,1.232000204,0.962542577,1.341072804,16.19302206,66.39203531,76.05308172,71.10474088,-0.801041582,-0.894540467,-0.846650794
United Arab Emirates,Cntry/Terr,9890.4,118.306,1.453,214,0.221081937,0.749562402,1.044335883,365,0.161975249,0.549165429,0.765130643,1.862266469,76.52634511,78.81532252,77.64291946,-0.895453949,-0.625880681,-0.763954794
United Kingdom,Cntry/Terr,67886.004,280.602,9.382,214,1.41682543,0.874281413,1.218101987,365,1.236337316,0.762907492,1.062929073,10.76539197,78.29443168,81.89996363,80.05322775,-1.495348507,-1.187753976,-1.345302394
United Republic of Tanzania,Cntry/Terr,59734.213,67.435,6.503,214,0,0,0,365,0,0,0,6.257176009,63.77198876,67.4204999,65.55175029,7.11E-15,1.42E-14,1.06E-14
United States of America,Cntry/Terr,331002.647,36.185,8.685,214,1.378341393,0.989291762,1.378341393,365,1.393260761,1,1.393260761,10.46943231,74.68109068,79.96079162,77.25655455,-1.774942794,-1.537817727,-1.65927203
United States Virgin Islands,Cntry/Terr,104.423,298.351,8.469,214,0.228670931,0.153152926,0.213381962,365,0.277716595,0.186001381,0.259148426,9.593126527,77.82292298,82.89872711,80.298925,-0.319350777,-0.310483179,-0.31502512
Uruguay,Cntry/Terr,3473.727,19.848,9.465,214,2.840447523,2.08445828,2.90419393,365,1.707388059,1.252964242,1.745705913,11.35730412,72.55986238,79.54522788,75.96735775,-1.748059925,-2.042009764,-1.891450091
Uzbekistan,Cntry/Terr,33469.199,78.677,5.772,214,0.013555496,0.03017033,0.042035136,365,0.022229394,0.049475736,0.068932601,5.904473335,69.55506932,73.90438476,71.67668661,-0.049402727,-0.039074793,-0.04436471
Venezuela (Bolivarian Republic of),Cntry/Terr,28435.943,32.238,6.953,214,0.154690199,0.226607072,0.315722742,365,0.121290157,0.177679049,0.247553247,7.415835465,68.27329654,75.94973229,72.01789935,-0.218477137,-0.215448516,-0.216999761
Yemen,Cntry/Terr,29825.968,56.492,6.006,214,0.043861139,0.169117182,0.235624333,365,0.029839769,0.115054414,0.1603008,6.010460513,64.44547221,67.87427607,66.11805946,-0.096440871,-0.070600779,-0.083835948
Zambia,Cntry/Terr,18383.956,24.73,6.576,214,0.280000853,1.393761762,1.941873573,365,0.17716535,0.881876921,1.228684511,6.506562497,60.36102271,66.44029222,63.32652003,-0.596960859,-0.521919743,-0.560355436
Zimbabwe,Cntry/Terr,14862.927,38.42,8.074,214,0.369513762,1.421592333,1.980648817,365,0.23750369,0.913723543,1.27305516,8.04733083,59.21073091,62.49634148,60.81346777,-0.557259507,-0.43869902,-0.499425123
Acre,Brazil,892.0587535,5.435274239,NA,214,1.921550018,2.350626299,3.275035388,365,1.433762064,1.753916777,2.443663425,NA,NA,NA,NA,NA,NA,NA
Alagoas,Brazil,3375.666603,121.2380432,NA,214,1.683544254,2.059474571,2.869385109,365,1.264046632,1.546304405,2.154405252,NA,NA,NA,NA,NA,NA,NA
Amapa,Brazil,855.4391669,6.004313832,NA,214,1.957949328,2.395153465,3.33707334,365,1.573460805,1.924809822,2.681761998,NA,NA,NA,NA,NA,NA,NA
Amazonas,Brazil,4192.172931,2.688724518,NA,214,3.354928216,4.104073494,5.718044562,365,2.451950378,2.999463448,4.179034727,NA,NA,NA,NA,NA,NA,NA
Bahia,Brazil,15043.79227,26.6374759,NA,214,1.885445627,2.306459907,3.213500086,365,1.486859138,1.818870266,2.534160572,NA,NA,NA,NA,NA,NA,NA
Ceara,Brazil,9236.905347,62.03660315,NA,214,2.49814875,3.055977777,4.257773924,365,1.716808758,2.100166938,2.926080187,NA,NA,NA,NA,NA,NA,NA
Distrito Federal,Brazil,3049.880335,529.4211456,NA,214,3.003664652,3.674373844,5.119360899,365,2.684039733,3.283377651,4.574601246,NA,NA,NA,NA,NA,NA,NA
Espirito Santo,Brazil,4064.780182,88.22200692,NA,214,2.85835829,3.496621012,4.871704854,365,2.30713583,2.822312252,3.932216917,NA,NA,NA,NA,NA,NA,NA
Goias,Brazil,7098.917858,20.86669134,NA,214,3.363442083,4.114488481,5.732555355,365,2.710272239,3.315467796,4.619311187,NA,NA,NA,NA,NA,NA,NA
Maranhao,Brazil,7156.397176,21.70959169,NA,214,1.225271295,1.498870653,2.088317667,365,0.928539856,1.135879984,1.582577012,NA,NA,NA,NA,NA,NA,NA
Mato Grosso,Brazil,3524.464271,3.902166609,NA,214,3.927606926,4.80462962,6.694101923,365,3.066565347,3.751320073,5.226567061,NA,NA,NA,NA,NA,NA,NA
Mato Grosso do Sul,Brazil,2810.886048,7.870421945,NA,214,4.020566805,4.918347158,6.852540107,365,3.05882197,3.741847623,5.213369468,NA,NA,NA,NA,NA,NA,NA
Minas Gerais,Brazil,21411.78807,36.50642275,NA,214,3.083458495,3.771985409,5.255359263,365,2.237972833,2.737705367,3.814337464,NA,NA,NA,NA,NA,NA,NA
Para,Brazil,8701.617498,6.984365885,NA,214,1.738416187,2.12659924,2.962907276,365,1.190353403,1.456155701,2.028804601,NA,NA,NA,NA,NA,NA,NA
Paraiba,Brazil,4064.251178,71.97537961,NA,214,2.233435531,2.7321549,3.806604217,365,1.773758482,2.169833362,3.023143682,NA,NA,NA,NA,NA,NA,NA
Parana,Brazil,11565.20767,58.02943764,NA,214,4.023775077,4.922271827,6.858008193,365,2.887712953,3.532530482,4.921736109,NA,NA,NA,NA,NA,NA,NA
Pernambuco,Brazil,9666.776852,98.57230271,NA,214,1.615133056,1.975787361,2.752787003,365,1.270537242,1.554244348,2.165467664,NA,NA,NA,NA,NA,NA,NA
Piaui,Brazil,3310.800453,13.15080348,NA,214,2.060658745,2.520797582,3.512128359,365,1.671197065,2.044370292,2.84834091,NA,NA,NA,NA,NA,NA,NA
Rio de Janeiro,Brazil,17463.1277,399.1533089,NA,214,3.298089222,4.034542526,5.621169792,365,2.631258316,3.218810304,4.484642095,NA,NA,NA,NA,NA,NA,NA
Rio Grande do Norte,Brazil,3547.108252,67.16786564,NA,214,1.973385808,2.414036864,3.363382839,365,1.507143177,1.84368367,2.568732114,NA,NA,NA,NA,NA,NA,NA
Rio Grande do Sul,Brazil,11507.83861,40.85035953,NA,214,3.627505079,4.437515942,6.182616841,365,2.739176407,3.350826176,4.66857463,NA,NA,NA,NA,NA,NA,NA
Rondonia,Brazil,1797.625809,7.560507202,NA,214,4.318039709,5.282244857,7.359544492,365,3.061816298,3.745510575,5.218472915,NA,NA,NA,NA,NA,NA,NA
Roraima,Brazil,612.7145454,2.739680481,NA,214,2.995250657,3.664081029,5.105020325,365,2.21310235,2.707281381,3.771948918,NA,NA,NA,NA,NA,NA,NA
Santa Catarina,Brazil,7247.032777,75.7022981,NA,214,2.998861898,3.668498649,5.111175221,365,2.339164251,2.861492522,3.98680525,NA,NA,NA,NA,NA,NA,NA
Sao Paulo,Brazil,46446.15489,187.1172831,NA,214,3.390271893,4.147309307,5.778283322,365,2.504599149,3.063868529,4.2687678,NA,NA,NA,NA,NA,NA,NA
Sergipe,Brazil,2325.082788,106.0450547,NA,214,2.516873499,3.078883705,4.289687856,365,1.938425601,2.371270148,3.303797653,NA,NA,NA,NA,NA,NA,NA
Tocantins,Brazil,1590.920967,5.733735278,NA,214,2.454009718,3.001982632,4.182544608,365,1.983128053,2.425954522,3.379987244,NA,NA,NA,NA,NA,NA,NA
Anhui,China,65274.19906,467.2455194,5.96,214,0,0,0,365,0,0,0,NA,NA,NA,NA,NA,NA,NA
Beijing,China,22086.18046,1314.653599,5.58,214,0,0,0,365,0,0,0,NA,NA,NA,NA,NA,NA,NA
Chongqing,China,32032.13916,389.2118974,7.54,214,0,0,0,365,0,0,0,NA,NA,NA,NA,NA,NA,NA
Fujian,China,40737.41641,335.0667578,6.2,214,0,0,0,365,0,0,0,NA,NA,NA,NA,NA,NA,NA
Gansu,China,27141.18833,59.74287548,6.65,214,0,0,0,365,0,0,0,NA,NA,NA,NA,NA,NA,NA
Guangdong,China,118131.3301,656.2851672,4.55,214,0,0,0,365,0,0,0,NA,NA,NA,NA,NA,NA,NA
Guangxi,China,50857.68573,215.4986683,5.96,214,0,0,0,365,0,0,0,NA,NA,NA,NA,NA,NA,NA
Guizhou,China,37148.66843,211.0719797,6.85,214,0,0,0,365,0,0,0,NA,NA,NA,NA,NA,NA,NA
Hainan,China,9689.61956,284.9888106,6.01,214,0,0,0,365,0,0,0,NA,NA,NA,NA,NA,NA,NA
Hebei,China,77845.07058,414.7313297,6.38,214,2.19E-05,2.34E-05,3.26E-05,365,1.28E-05,1.37E-05,1.91E-05,NA,NA,NA,NA,NA,NA,NA
Heilongjiang,China,38461.12483,84.71613399,6.67,214,0,0,0,365,0,0,0,NA,NA,NA,NA,NA,NA,NA
Henan,China,98844.37307,591.8824735,6.8,214,0,0,0,365,0,0,0,NA,NA,NA,NA,NA,NA,NA
Hubei,China,60772.88373,326.911693,7,214,0,0,0,365,0,0,0,NA,NA,NA,NA,NA,NA,NA
Hunan,China,70934.16732,337.7817491,7.08,214,0,0,0,365,0,0,0,NA,NA,NA,NA,NA,NA,NA
Inner Mongolia,China,26044.05681,22.01526357,5.95,214,0,0,0,365,0,0,0,NA,NA,NA,NA,NA,NA,NA
Jiangxi,China,47843.13742,286.4858528,6.06,214,0,0,0,365,0,0,0,NA,NA,NA,NA,NA,NA,NA
Jilin,China,27592.34522,147.2377013,6.26,214,6.18E-05,6.61E-05,9.20E-05,365,3.62E-05,3.87E-05,5.40E-05,NA,NA,NA,NA,NA,NA,NA
Liaoning,China,44623.5178,305.8500192,7.39,214,0,0,0,365,0,0,0,NA,NA,NA,NA,NA,NA,NA
Shaanxi,China,39619.77775,192.7031992,6.24,214,0,0,0,365,0,0,0,NA,NA,NA,NA,NA,NA,NA
Shandong,China,103253.4063,671.3485456,7.18,214,0,0,0,365,0,0,0,NA,NA,NA,NA,NA,NA,NA
Shanghai,China,24895.65745,3926.140585,5.4,214,0,0,0,365,0,0,0,NA,NA,NA,NA,NA,NA,NA
Sichuan,China,85873.6125,177.0589948,7.01,214,0,0,0,365,0,0,0,NA,NA,NA,NA,NA,NA,NA
Tianjin,China,16016.06958,1416.724421,5.42,214,0,0,0,365,0,0,0,NA,NA,NA,NA,NA,NA,NA
Xinjiang,China,25869.74619,15.58043013,4.56,214,0,0,0,365,0,0,0,NA,NA,NA,NA,NA,NA,NA
Yunnan,China,49811.82203,126.4259442,6.32,214,0,0,0,365,0,0,0,NA,NA,NA,NA,NA,NA,NA
Zhejiang,China,59983.35918,588.0721488,5.58,214,0,0,0,365,0,0,0,NA,NA,NA,NA,NA,NA,NA
Abruzzo,Italy,1314.662443,121.4633779,11.2,214,1.687882193,0.753998304,1.050516252,365,1.553250427,0.693856593,0.966723165,13.30626113,78.48321371,84.49186323,81.41426226,-1.448975898,-1.294839383,-1.373787354
Basilicata,Italy,564.2859478,56.07689301,11.1,214,1.012569083,0.465205235,0.6481522,365,0.997721106,0.45838362,0.638647911,12.64369731,77.80210129,84.69554603,81.16475726,-0.951614778,-0.863500433,-0.908632171
Bolzano (Provincia autonoma di),Italy,531.1911956,71.77974944,8.3,214,1.428855247,0.770241131,1.073146745,365,1.6792447,0.905216494,1.261202622,10.64996703,78.46578603,84.75753868,81.53493366,-2.005722624,-1.745088931,-1.878584237
Calabria,Italy,1949.986623,128.1470989,10.1,214,0.6848717,0.342914315,0.47776906,365,0.593850228,0.297339989,0.41427214,11.35199374,78.48203404,84.66759727,81.49938196,-0.633878767,-0.549279048,-0.592610612
Campania,Italy,5801.772904,424.5346976,9.2,214,1.396406865,0.836250633,1.165115194,365,1.234105526,0.739055037,1.029696384,10.92652021,76.95709012,83.01172306,79.91056961,-1.384653989,-1.206166654,-1.297586996
Emilia-Romagna,Italy,4468.697467,164.4931943,11.2,214,2.11640943,0.930469037,1.296385999,365,2.012667017,0.884859193,1.232839593,13.59228104,78.94275635,84.37002005,81.59020205,-1.891225216,-1.657347511,-1.777138531
Friuli-Venezia Giulia,Italy,1218.961536,155.1478388,11.9,214,3.005545911,1.258236414,1.753051424,365,2.826176133,1.183145368,1.648430016,15.04577733,78.41047693,83.7314547,81.00607584,-2.425530095,-2.185674277,-2.308527257
Lazio,Italy,5885.980142,341.7079017,9.7,214,1.34310522,0.673375424,0.938187557,365,1.281179993,0.642328768,0.894931469,11.59285495,78.830017,84.40474222,81.54939516,-1.359966284,-1.198698974,-1.281299303
Liguria,Italy,1557.701965,192.215632,14.3,214,1.611768016,0.597947433,0.833096696,365,1.795593806,0.666144691,0.92811326,16.48094382,78.61177667,84.22280638,81.34886433,-1.360307349,-1.220400011,-1.292059867
Lombardia,Italy,10073.68575,422.2248067,9.9,214,1.473701666,0.711629654,0.991485673,365,1.690046763,0.816099636,1.1370396,12.15484748,78.82296556,84.56205195,81.6225199,-1.707965548,-1.549190079,-1.6305141
Marche,Italy,1529.183236,162.6748442,11.2,214,1.637365435,0.693240593,0.965864916,365,1.341892817,0.568141083,0.791568678,13.2232614,79.89712107,85.2318365,82.49942128,-1.259147858,-1.105040282,-1.183973431
Molise,Italy,306.5562812,68.83074598,12.1,214,1.674693627,0.71023709,0.989545469,365,1.529898517,0.648829525,0.903988719,14.13962173,78.75015664,84.59069962,81.599202,-1.343712311,-1.24270864,-1.294442228
Piemonte,Italy,4369.051871,172.3478019,12.3,214,1.474479963,0.626730496,0.873199009,365,1.732870248,0.736559776,1.026219834,14.54285852,78.27481358,84.07091706,81.10218114,-1.478628019,-1.300474855,-1.391724036
Puglia,Italy,4034.220346,206.5868249,9.6,214,1.774428258,0.89526931,1.2473436,365,1.516525989,0.765147404,1.066049855,11.72892207,78.65444247,84.2021182,81.36062575,-1.616778929,-1.388897534,-1.505617273
Sardegna,Italy,1643.577444,68.23987434,9.9,214,0.783494352,0.36672583,0.51094471,365,0.832330722,0.389584397,0.542792654,11.44352419,79.24066479,85.26728255,82.18047833,-0.874248885,-0.793977756,-0.835092237
Sicilia,Italy,5005.164692,193.9039583,10.4,214,1.238697138,0.647648598,0.902343379,365,1.151610457,0.602115623,0.838904071,11.97863137,77.46572545,83.50593234,80.41216784,-1.181788778,-1.016891126,-1.101350899
Toscana,Italy,3740.108828,295.7172038,11.6,214,1.477542093,0.623448636,0.868626521,365,1.545142205,0.651972491,0.90836769,13.58772004,79.63179069,84.86727018,82.18568312,-1.421026936,-1.243038587,-1.334203351
Trento (Provincia autonoma di),Italy,541.8657773,87.33443467,9.3,214,1.325163496,0.64310581,0.896014091,365,1.7679655,0.857998948,1.195416268,11.53535717,79.05845447,84.92079155,81.9181311,-1.980824731,-1.713472446,-1.850408982
Umbria,Italy,884.4952379,104.6532522,11.4,214,1.542671936,0.637370514,0.888023328,365,1.519510725,0.627801225,0.874690813,13.59578266,80.01545695,84.99687695,82.44541793,-1.415257037,-1.23011405,-1.324943385
Valle d'Aosta/Vallee d'Aoste,Italy,125.9531729,38.70125138,11.7,214,1.272910393,0.580774449,0.809170251,365,2.596202958,1.184536124,1.650367702,14.95732866,75.90066519,83.27321688,79.49703187,-2.153334607,-1.981122261,-2.069328585
Veneto,Italy,4914.725138,267.2179912,10,214,1.770946433,0.843257271,1.174877267,365,1.947006136,0.927090199,1.291678396,12.40987255,78.91735709,84.53234671,81.65637642,-1.949647957,-1.737126566,-1.845978986
Aguascalientes,Mexico,1360.852057,242.3128719,4.368791118,214,1.410005152,2.403447137,3.348628588,365,1.646762401,2.807015543,3.910904613,6.901618214,69.27663072,75.73790202,72.42847038,-3.688063283,-3.147124975,-3.424190938
Baja California,Mexico,3605.789312,50.51421603,4.88103275,214,1.601642918,3.070573831,4.278110033,365,1.755232892,3.365027324,4.688360532,6.545782426,68.69696807,75.46213842,71.99705117,-4.256742929,-3.713459576,-3.99172666
Baja California Sur,Mexico,727.0073472,9.814769234,3.820880152,214,2.864547019,5.469932668,7.621042554,365,2.513042003,4.798724007,6.685873864,7.322931972,67.26511005,74.20842699,70.65209393,-5.627676946,-4.924643007,-5.284733561
Campeche,Mexico,945.7852605,16.4446194,4.644710076,214,0.880048023,1.347977034,1.878083509,365,1.044634592,1.600075681,2.229322661,7.120930986,69.73714,75.99256764,72.78856812,-2.174202996,-1.835780365,-2.009118786
Chiapas,Mexico,5412.678969,73.8003337,4.528434843,214,0.17520303,0.313700467,0.437066552,365,0.159625207,0.285808424,0.398205662,5.683974425,71.1766137,76.69157165,73.86683709,-0.439643301,-0.356176351,-0.398927715
Chihuahua,Mexico,3832.828236,15.52724882,7.576475907,214,1.443134079,2.337768543,3.25712118,365,1.767885118,2.863840773,3.990076976,7.414050627,68.71521642,75.42351429,71.98755685,-3.67640458,-3.190326708,-3.439293423
Ciudad de Mexico,Mexico,10298.92046,6888.846188,6.225906895,214,3.1351689,3.747053225,5.220622229,365,2.603670947,3.111823934,4.335582184,9.474375539,69.4307841,75.95417082,72.61292396,-4.114629904,-3.52930218,-3.829104185
Coahuila de Zaragoza,Mexico,3150.456468,20.74787105,5.309652084,214,1.278208188,2.035832451,2.836445471,365,1.885123651,3.002481082,4.183239079,7.539483186,68.87309745,75.54538431,72.12787153,-3.827978546,-3.314811687,-3.577653249
Colima,Mexico,749.7410318,133.2248054,4.954231387,214,1.057841899,1.476288277,2.056854529,365,1.419156689,1.980526944,2.759390478,7.739592822,70.36054244,75.76586639,72.99728583,-2.783647558,-2.199131609,-2.498517827
Durango,Mexico,1858.666308,15.02473172,5.646890811,214,0.913063002,1.333017571,1.857241076,365,1.219153751,1.779891822,2.479853436,7.433911051,69.69431441,76.192655,72.86423665,-2.420058594,-2.080006999,-2.254179767
Guanajuato,Mexico,6295.742217,205.6362575,4.945344574,214,1.579973014,2.329052463,3.244977408,365,1.624113512,2.394120369,3.335633968,7.733742523,69.02757368,75.58832034,72.22793791,-3.138129316,-2.693572657,-2.921272409
Guerrero,Mexico,3882.954143,61.07277211,4.860763558,214,0.929903083,1.26480935,1.762209239,365,0.888498775,1.208493207,1.683746166,8.23991523,68.71064972,75.03393844,71.7951808,-1.541895285,-1.29741856,-1.422638346
Hidalgo,Mexico,3072.136395,147.5537721,4.874263513,214,1.673330957,2.302929339,3.208581085,365,1.757408952,2.418642061,3.369799079,8.362911133,69.1851736,75.23252646,72.13510182,-3.144269403,-2.589563537,-2.873681176
Jalisco,Mexico,8442.703892,107.3904182,5.330797877,214,1.434150437,2.027305752,2.824565555,365,1.377165438,1.946752126,2.71233335,7.662803766,69.85142067,76.35431185,73.02356271,-2.620902326,-2.255743153,-2.4427759
Mexico (State),Mexico,17378.1873,777.5366683,4.499645556,214,1.905906008,3.371049709,4.696751284,365,1.840295506,3.255001875,4.535066391,7.101946981,68.85526944,74.45286716,71.58580491,-4.261864557,-3.360502842,-3.822175916
Michoacan de Ocampo,Mexico,4992.690384,85.1423756,5.553158937,214,1.168001922,1.464694268,2.040701051,365,1.092196708,1.369633241,1.908256252,8.216187124,70.54377368,75.65013143,73.0346799,-1.97767832,-1.527260568,-1.757962344
Morelos,Mexico,2047.959414,419.795341,5.493952095,214,1.844724332,2.419173354,3.37053931,365,1.38039845,1.810255923,2.522158546,8.212566141,70.17856105,75.80520542,72.92326562,-2.492999949,-2.001658579,-2.253321232
Nayarit,Mexico,1255.449391,45.12762574,5.470151957,214,1.320523534,1.708824827,2.38083858,365,1.305508618,1.68939476,2.35376743,8.118695945,70.51915728,76.00043709,73.19295231,-2.380041724,-1.896452911,-2.144144742
Nuevo Leon,Mexico,5360.736534,83.51926647,4.967488693,214,1.584787983,2.453070949,3.417767499,365,1.702004928,2.634509404,3.670558578,7.422744186,69.45342373,76.08561366,72.68863833,-3.47067827,-3.011291336,-3.246587083
Oaxaca,Mexico,4386.373341,46.8407516,5.713102866,214,0.789738701,0.955695027,1.331532381,365,0.738879194,0.894147862,1.245781132,8.363406323,70.125986,75.81851156,72.90282774,-1.266023996,-1.023962439,-1.147945188
Puebla,Mexico,6612.709445,192.7810566,5.368843957,214,1.74875651,2.508996082,3.495685792,365,1.529327741,2.194174712,3.05705753,7.941176654,68.87649053,75.38584566,72.05178571,-2.865183471,-2.44403634,-2.659745846
Queretaro,Mexico,2094.397352,178.9694428,4.356824114,214,2.195532644,3.724100663,5.188643325,365,1.961900876,3.327810393,4.636507643,7.301093882,68.50476914,75.04820338,71.69668828,-4.214765865,-3.596878623,-3.913357454
Quintana Roo,Mexico,1497.403063,33.43683334,3.346464712,214,1.479617724,3.745166632,5.217993714,365,1.57005155,3.97407018,5.536916046,5.565380402,67.84812052,74.51323217,71.0993945,-4.795388479,-4.123200828,-4.467492064
San Luis Potosi,Mexico,2972.709603,48.63459322,5.140169204,214,1.410290186,1.814336672,2.527844093,365,1.704169151,2.192411617,3.054601079,8.712226241,69.38228919,75.21569658,72.22785377,-2.888685807,-2.343427415,-2.622706103
Sinaloa,Mexico,3215.595895,55.99895444,5.588271531,214,1.483046583,2.096869743,2.921486334,365,1.513560832,2.140013638,2.981597031,7.944640891,69.3269963,75.87697412,72.52210743,-2.807056701,-2.414121884,-2.61538118
Sonora,Mexico,3077.473585,17.10683613,5.602295604,214,1.592837681,2.464684534,3.433948251,365,1.665002106,2.576348481,3.589525247,7.571202222,69.06379645,75.70141355,72.30165845,-3.325047554,-2.875974446,-3.105987501
Tabasco,Mexico,2555.913904,103.3279274,4.983465134,214,0.826807061,1.380074423,1.922803542,365,0.971472473,1.621544342,2.259234105,6.575217598,69.8270348,76.3375015,73.00287222,-2.209269196,-1.905405496,-2.061043001
Tamaulipas,Mexico,3689.7431,45.94464224,5.262265822,214,1.034067636,1.552562964,2.163125058,365,1.229353881,1.845768341,2.571636605,7.329460269,69.74166583,76.25161818,72.91725234,-2.484846166,-2.138462819,-2.31587868
Tlaxcala,Mexico,1345.007655,336.5002364,4.731028022,214,1.521722917,2.223652477,3.098127743,365,1.445344934,2.112043399,2.942627195,7.570145529,69.57863838,75.70152694,72.56541329,-2.864667618,-2.382815064,-2.629617592
Veracruz de Ignacio de la Llave,Mexico,8831.400657,122.9408844,5.897926966,214,0.84146695,1.075665037,1.498681888,365,0.90472625,1.156530741,1.6113489,8.168834931,69.94649787,76.29742588,73.04451153,-1.564399135,-1.330781117,-1.450439126
Yucatan,Mexico,2269.236978,57.43943112,5.712891898,214,1.694155035,2.222413368,3.096401341,365,1.624775216,2.131400069,2.969596083,8.582009009,68.93898456,75.49889469,72.13894072,-2.74529344,-2.356337312,-2.555558744
Zacatecas,Mexico,1713.503297,22.75984007,5.616944886,214,1.161622466,1.435368026,1.999841949,365,1.569299578,1.939117487,2.701696306,8.66083944,69.45309387,75.933859,72.61444272,-2.601906128,-2.227955997,-2.41949143
Amazonas,Peru,423.381312,10.78702412,NA,214,3.855310352,5.67393757,7.90527458,365,2.569787492,3.782007794,5.269323059,15.68569291,64.2215118,68.58612673,66.35059225,-2.916592302,-2.308894493,-2.620154346
Ancash,Peru,1216.094852,33.88403182,NA,214,7.051912419,8.114125082,11.30509209,365,4.708514298,5.417746519,7.548333641,19.98142605,64.52686493,69.60162279,67.00235657,-4.603086428,-3.899815461,-4.26002742
Apurimac,Peru,453.9513999,21.72455956,NA,214,4.891935425,5.923459039,8.252923052,365,3.136899678,3.798352827,5.292095952,19.28493879,63.8908175,68.2904755,66.03699213,-2.930030511,-2.411363602,-2.677022263
Arequipa,Peru,1556.126869,24.5657477,NA,214,8.561319946,10.69203434,14.89679191,365,5.604298836,6.999079113,9.751542295,17.99590879,65.01087816,69.90623185,67.39885557,-6.032883175,-5.217723902,-5.635244505
Ayacucho,Peru,688.1996898,15.70476332,NA,214,4.138863368,5.368615365,7.479881131,365,2.866900449,3.718722855,5.181150637,17.77077055,64.24563178,69.11237846,66.61965455,-2.880555316,-2.388364822,-2.640462392
Cajamarca,Peru,1500.006301,45.03939131,NA,214,3.870575642,4.950466754,6.89729108,365,2.541989322,3.251204677,4.529775904,16.67651141,66.10356358,70.61745477,68.30546172,-2.769239202,-2.345275748,-2.562427761
Callao,Peru,1119.096445,7669.772087,NA,214,11.9595607,15.73166948,21.9183178,365,7.867954579,10.34954912,14.41962068,19.13109376,64.16004596,69.15801833,66.59808126,-8.158444221,-7.053452708,-7.619423971
Cusco,Peru,1350.177422,18.75598094,NA,214,5.141414984,7.391592006,10.29841511,365,3.349189466,4.814986178,6.708531309,16.63919626,63.02055899,67.86276143,65.38260896,-3.619392147,-2.977759134,-3.306400434
Huancavelica,Peru,387.3863235,17.5088281,NA,214,4.301593534,5.354869451,7.460729488,365,2.80598445,3.493049794,4.866729216,19.10420653,64.15713397,68.40818108,66.23081548,-2.607203881,-2.087996822,-2.353932145
Huanuco,Peru,804.8043386,21.59634266,NA,214,4.56281449,6.796188089,9.468862192,365,3.049188334,4.541683095,6.327748848,15.56697551,63.91696257,68.63151028,66.21674194,-3.677617876,-3.091801566,-3.391853822
Ica,Peru,954.3642539,44.74736783,NA,214,11.37173813,15.26737121,21.27142924,365,7.703557598,10.34257668,14.40990626,19.15606419,63.43670373,68.62705542,65.9685826,-8.08820022,-6.958571748,-7.537161941
Junin,Peru,1393.373182,31.43268443,NA,214,7.208637687,10.10319822,14.07638964,365,4.629771898,6.488813174,9.040608784,17.6449361,62.67624699,67.77321981,65.16257519,-4.904112215,-4.10132836,-4.512510335
La Libertad,Peru,1990.97033,78.07757404,NA,214,6.471296274,8.528010091,11.88174183,365,4.372239942,5.761829588,8.027731079,16.72828749,65.36521157,70.23631162,67.74135793,-5.116829754,-4.425062155,-4.779382145
Lambayeque,Peru,1340.72463,92.59454942,NA,214,8.316067165,10.42503239,14.52478856,365,5.411252868,6.783553484,9.451258893,17.82853348,64.88521713,69.77926422,67.27255718,-5.915424054,-5.123121387,-5.528934948
Lima,Peru,10693.43489,307.0345139,NA,214,11.26088994,14.08567901,19.62502386,365,7.339830539,9.181023654,12.79156001,19.39300279,64.42452409,69.42294816,66.86277973,-7.405327204,-6.403179077,-6.916474459
Loreto,Peru,981.1696183,2.660631859,NA,214,5.423624242,9.975822954,13.89892268,365,3.65074492,6.714916696,9.355629949,13.70542787,63.13165768,68.05371756,65.5326625,-4.835979284,-3.985028894,-4.420881533
Madre de Dios,Peru,158.084038,1.853259523,NA,214,6.430390245,16.04862106,22.35991399,365,4.137040071,10.32500142,14.38541934,10.63171713,61.13515108,66.3163933,63.66258631,-7.10934667,-5.88776829,-6.513454777
Moquegua,Peru,197.5214462,12.55382121,NA,214,9.964847187,11.93336038,16.62628277,365,7.001771333,8.38494149,11.68240997,19.99125136,63.91801615,69.09138093,66.44160873,-6.71826568,-5.812975802,-6.276660861
Pasco,Peru,284.5809415,11.37148409,NA,214,5.268198792,8.623286791,12.01448712,365,3.419062412,5.596515412,7.797405325,14.82827186,63.00781062,68.12531419,65.50415382,-4.326774801,-3.666301122,-4.004592518
Piura,Peru,2076.317853,58.22948477,NA,214,7.79727735,10.96176408,15.27259576,365,5.039209187,7.084347491,9.87034338,17.01007194,64.0417959,68.94726075,66.43470558,-5.464800101,-4.695443411,-5.089504154
Puno,Peru,1316.37493,18.28323907,NA,214,4.553037693,5.704402993,7.947720858,365,2.920900355,3.659533229,5.098684053,17.89006471,63.6046639,68.19575033,65.84421825,-2.958412387,-2.475031971,-2.722617062
San Martin,Peru,909.6110642,17.73533424,NA,214,3.965826665,6.798811478,9.472517256,365,2.850668931,4.887041791,6.808923567,13.53519277,63.74556115,68.73554003,66.17969719,-3.756992962,-3.136229551,-3.454181542
Tacna,Peru,371.146283,23.08713751,NA,214,7.605573606,11.5305701,16.06509088,365,5.105803525,7.740747578,10.78487987,15.5413069,63.57888703,68.65903768,66.0570093,-5.99313783,-5.125171536,-5.569739638
Tumbes,Peru,252.0305573,53.97724605,NA,214,8.073583385,12.67437103,17.65870384,365,5.277137878,8.284351603,11.54226202,15.44465671,63.26733292,68.58445093,65.86104903,-6.201495618,-5.251644673,-5.738153693
Ucayali,Peru,552.9170258,5.410185138,NA,214,8.183825826,16.62136662,23.15789792,365,5.092988403,10.34386963,14.41170768,14.07904814,60.29609644,65.73017765,62.94686776,-6.768737248,-5.598734124,-6.198004017
Andalucia,Spain,8349.379562,95.31364013,8.33,214,1.037331541,0.638133868,0.889086879,365,1.049898371,0.645864588,0.899857788,10.38692583,78.37142545,83.83081812,81.03454383,-1.220584461,-1.078080064,-1.151070121
Aragon,Spain,1315.01689,27.556934,10.26,214,1.226983991,0.548851641,0.764693456,365,2.026589939,0.906529525,1.263032016,13.59116365,79.23996038,84.9306381,82.01590073,-1.892335008,-1.781595113,-1.838315547
Asturias (Principado de),Spain,1024.060356,96.57302491,12.64,214,1.090924857,0.432102268,0.602031134,365,1.624904226,0.643605099,0.896709731,15.47599208,78.80692097,84.79890761,81.72984128,-1.28447892,-1.225221818,-1.255573017
Balears (Illes),Spain,1137.723314,227.9093177,6.7,214,0.581666643,0.390030441,0.54341411,365,0.556374289,0.37307092,0.519785074,8.044172931,80.42013216,85.43081625,82.8643683,-0.8153114,-0.727939999,-0.772691204
Canarias,Spain,2136.112961,286.8420788,7.05,214,0.326571427,0.219498789,0.30581905,365,0.309908704,0.208299256,0.29021518,8.275210774,79.65750725,84.80239202,82.16720714,-0.441772845,-0.390565041,-0.416793429
Cantabria,Spain,579.7329059,108.9518711,10.33,214,0.538396501,0.249247613,0.347266918,365,0.619250687,0.2866786,0.399418044,11.82002983,80.18415007,86.1792597,83.10859379,-0.605365788,-0.614364765,-0.609755533
Castilla y Leon,Spain,2401.521003,25.48735994,11.91,214,1.345156073,0.503655572,0.701723546,365,1.739314374,0.651236978,0.907342929,15.02355849,80.30992601,85.65180328,82.9157198,-1.475900753,-1.379828623,-1.4290363
Castilla-La Mancha,Spain,2021.012251,25.43401481,9.54,214,1.637238222,0.812672021,1.132264039,365,1.481435849,0.73533677,1.024515868,11.98053746,79.84639359,85.02118184,82.37068054,-1.588678776,-1.391307666,-1.492400186
Catalunia,Spain,7623.413639,237.3933808,8.41,214,1.36253259,0.739171728,1.029858964,365,1.197232688,0.649496798,0.904918403,10.58468917,79.66641085,85.31711043,82.42284967,-1.380892076,-1.287726357,-1.335445384
Ceuta,Spain,83.67289829,4183.644915,6.29,214,1.182285252,1.036356911,1.443915419,365,1.350497022,1.183806463,1.649351094,8.26177922,77.05159265,81.21590746,79.08296573,-2.136335242,-1.692995813,-1.920072106
Comunitat Valenciana,Spain,4976.319402,213.9892239,8.81,214,1.548863641,0.855717761,1.192237979,365,1.210734182,0.668907653,0.931962786,10.91673049,79.07858264,84.44927092,81.69843058,-1.360259338,-1.196701179,-1.28047487
Extremadura,Spain,1063.075772,25.53383704,10.56,214,1.209723777,0.572824663,0.798094126,365,1.223807404,0.579493498,0.807385553,12.86054583,79.02579397,84.83081893,81.85751346,-1.167640495,-1.066782493,-1.118441469
Galicia,Spain,2697.559136,91.21079075,11.57,214,0.673376141,0.270312892,0.376616346,365,0.676537532,0.271581967,0.378384498,13.69402988,79.99824031,85.92051611,82.88715533,-0.594053805,-0.56312841,-0.578968246
Madrid (Comunidad de),Spain,6611.809049,823.5935536,7.06,214,0.955240002,0.550555924,0.767067966,365,1.070660079,0.617078691,0.859751527,8.94150512,81.04905175,86.27151842,83.59659647,-1.46356444,-1.364872783,-1.415422168
Melilla,Spain,85.18719925,7098.933271,5.78,214,1.081181264,1.053726727,1.468116102,365,1.115191024,1.086872874,1.514297328,7.563330689,76.86339679,81.22134638,78.98922586,-1.864482199,-1.514330018,-1.693676257
Murcia (Region de),Spain,1479.460206,130.7636738,7.65,214,1.004139284,0.656877472,0.915201606,365,0.99157787,0.648660175,0.90375277,9.243120133,79.25046071,84.5005177,81.81146412,-1.301677124,-1.14427605,-1.224896112
Navarra (C. Foral de),Spain,651.0194661,62.65224387,8.51,214,0.60519746,0.308452096,0.429754201,365,1.016866675,0.518268297,0.722082882,10.60689816,80.72846398,86.19734056,83.39620866,-1.146249717,-1.099243423,-1.123319817
Pais Vasco,Spain,2202.965935,304.5294354,9.89,214,1.248062536,0.575896261,0.802373663,365,1.366339784,0.630473194,0.878413562,12.21829033,79.92321313,85.51459464,82.65071631,-1.34489812,-1.306408399,-1.326122646
"Rioja, La",Spain,315.7410548,62.58494644,10,214,1.074981801,0.500299908,0.697048231,365,1.327036803,0.617607098,0.860487735,12.27909719,80.00506772,85.61384818,82.74105819,-1.306590252,-1.277226205,-1.292266327
Alabama,U.S.A.,4944.685616,37.61844948,10.92,214,2.314185663,1.652130417,2.301848483,365,2.016508384,1.439614328,2.005758155,13.39418028,70.97103491,76.80662914,73.81766624,-1.95647558,-1.732430047,-1.847185076
Alaska,U.S.A.,745.4689664,0.504626932,5.96,214,0.418697736,0.417113074,0.581147279,365,0.490966112,0.489107933,0.681454891,7.229534326,75.34344115,80.40355141,77.81178762,-0.916937058,-0.877877408,-0.89788357
Arizona,U.S.A.,7262.285795,24.67367208,8.23,214,2.204614062,1.508499486,2.101733142,365,2.01382876,1.377955309,1.919851062,10.64886939,74.45572399,80.18752019,77.25172214,-2.649964006,-2.324677386,-2.491287606
Arkansas,U.S.A.,3049.575428,22.61036639,10.85,214,1.38760698,0.977511707,1.361928705,365,1.874031365,1.320177561,1.839351594,13.05537541,71.65422223,77.13673673,74.32861955,-1.894165301,-1.633274812,-1.766901648
California,U.S.A.,40011.01516,99.0443494,6.78,214,1.642559356,1.273797629,1.774732255,365,1.384693684,1.073823924,1.496116738,8.633123706,76.46397289,81.63048686,78.98422361,-2.216964523,-1.930124512,-2.077042566
Colorado,U.S.A.,5762.204408,21.44812677,6.79,214,0.630774141,0.520221344,0.724803986,365,0.889069467,0.733246471,1.021603537,8.150083182,76.42585606,81.38670779,78.84578373,-1.435325896,-1.207462291,-1.324172918
Connecticut,U.S.A.,3613.793665,287.9608645,8.73,214,1.084590418,0.691111155,0.962898054,365,1.06868304,0.680974825,0.948775503,10.3675733,76.44206701,81.80058264,79.05597707,-1.31938715,-1.157922332,-1.240623825
Delaware,U.S.A.,979.2538599,193.4328612,9.54,214,1.579759902,1.03017373,1.435300635,365,1.278524447,0.833735745,1.161611299,11.31471891,74.43612538,80.10335461,77.20062744,-1.456965531,-1.282727081,-1.371971165
District of Columbia,U.S.A.,712.3303507,4477.249219,7.15,214,0.869169078,0.793626642,1.10572886,365,0.793171314,0.724234102,1.009046956,8.507267727,73.60925737,79.88042878,76.66836537,-1.290372661,-1.286268066,-1.288370419
Florida,U.S.A.,21586.29515,154.3498899,9.7,214,1.375307969,0.774450976,1.079012156,365,1.505260619,0.847628736,1.180967858,11.66004799,75.37793767,81.10821261,78.17319374,-1.77079995,-1.589909211,-1.682560565
Georgia (USA),U.S.A.,10628.51002,70.85224615,7.97,214,1.723819753,1.48519729,2.069267107,365,1.694028605,1.459530028,2.033505918,10.14532129,72.96653238,78.36428382,75.59958186,-2.289766711,-1.945757319,-2.121957252
Hawaii,U.S.A.,1439.609391,86.53318852,7.98,214,0.295007982,0.177415198,0.247185634,365,0.354957396,0.213468246,0.297416931,8.775676691,78.48884191,84.78701354,81.56112075,-0.526658921,-0.537915288,-0.532149832
Idaho,U.S.A.,1774.65463,8.280203569,8.16,214,0.731391488,0.546995248,0.762107016,365,1.138249644,0.851277539,1.186051593,9.694776397,75.86625228,80.14255596,77.95225407,-1.554123999,-1.235061764,-1.398483885
Illinois,U.S.A.,12887.40289,89.50418228,8.57,214,1.044878564,0.749124155,1.043725291,365,1.412464571,1.012664404,1.410905579,10.49518582,74.87463089,80.13196067,77.439182,-1.790230016,-1.544643149,-1.670431544
Indiana,U.S.A.,6767.587151,72.84526274,9.84,214,1.447132916,1.057162425,1.472902925,365,1.634112683,1.193755257,1.663212358,11.81033879,72.82464838,78.3565764,75.52314985,-1.784616194,-1.58048688,-1.685040919
Iowa,U.S.A.,3194.037144,22.07107123,9.71,214,1.223922002,0.79609012,1.109161127,365,1.664977506,1.082971089,1.508861123,11.61497765,75.01380804,80.0977688,77.4937889,-1.877639386,-1.619101996,-1.751523586
Kansas,U.S.A.,2945.539241,13.8991931,9.29,214,1.462095232,1.021954913,1.42384968,365,1.664890398,1.163701847,1.621340122,11.34511152,74.34497884,79.32625293,76.77486864,-1.962687167,-1.669213694,-1.819529375
Kentucky,U.S.A.,4519.892634,43.92223863,10.82,214,1.77772294,1.288883511,1.795750822,365,1.460875409,1.059162923,1.475690141,12.94602792,71.484587,76.74934194,74.05276014,-1.458223439,-1.249846095,-1.356575954
Louisiana,U.S.A.,4713.233904,41.77058341,9.78,214,1.270547563,0.9862125,1.374051179,365,1.500880318,1.164999229,1.623147712,11.50915374,71.96247918,77.75030264,74.7858077,-1.735922881,-1.522047928,-1.631593635
Maine,U.S.A.,1355.887065,16.96150026,10.99,214,0.695633846,0.393815313,0.548687423,365,0.573794101,0.324838857,0.452585233,12.35103146,75.48458029,80.65426063,78.00637558,-0.574994895,-0.481219924,-0.529251007
Maryland,U.S.A.,6109.605046,241.3308835,8.25,214,1.097968552,0.817441574,1.138909269,365,1.037710286,0.772579076,1.076404111,9.667869238,74.96018369,80.53112698,77.677717,-1.43110151,-1.271374923,-1.353186102
Massachusetts,U.S.A.,6985.561015,344.1112208,8.57,214,1.38171189,0.938987137,1.308253933,365,1.360234343,0.924391373,1.287918229,10.28656879,75.66447721,81.19396168,78.3617867,-1.717916094,-1.502001672,-1.612591986
Michigan,U.S.A.,10114.52751,68.74280431,9.8,214,1.377702821,0.929270813,1.29471656,365,1.457804133,0.983299744,1.36999295,11.78039653,73.93925922,79.11662532,76.46480366,-1.618908539,-1.378632644,-1.501700786
Minnesota,U.S.A.,5677.123817,27.5312287,9.96,214,0.714735193,0.50298865,0.70079435,365,1.07924368,0.759508315,1.058193133,9.413525248,76.94136516,81.6704129,79.24821772,-1.489705822,-1.263215298,-1.379222639
Mississippi,U.S.A.,3019.797921,24.85299475,10.82,214,1.556612174,1.19539628,1.665498731,365,1.964369854,1.508532732,2.101779464,12.99331239,70.32397227,76.53589584,73.35417889,-1.94062159,-1.77545259,-1.860051346
Missouri,U.S.A.,6200.299778,34.74608441,10.12,214,1.212573267,0.828047441,1.153686008,365,1.426866493,0.974384955,1.357572325,11.87029975,73.43257469,78.83257875,76.06672301,-1.566105362,-1.372408097,-1.471618892
Montana,U.S.A.,1076.137213,2.854544268,9.71,214,1.177606666,0.758730179,1.057108988,365,1.532332476,0.987279478,1.375537758,11.4454072,74.83145782,79.57971287,77.1476798,-1.782764189,-1.446272504,-1.618621904
Nebraska,U.S.A.,1952.140757,9.804175498,8.79,214,0.54956442,0.386897118,0.539048573,365,0.999927896,0.703956091,0.980794399,10.05963661,76.16312685,80.70149316,78.37696407,-1.302142982,-1.095123896,-1.201158062
Nevada,U.S.A.,3070.509339,10.7965868,8.22,214,1.549790062,1.197967286,1.669080814,365,1.664544685,1.286671097,1.792668352,10.4286404,73.78716866,79.13094718,76.39388989,-2.1870598,-1.898108271,-2.046107835
New Hampshire,U.S.A.,1372.566998,59.08418595,9.31,214,0.780378296,0.492554316,0.686256602,365,0.708162152,0.44697338,0.622750472,10.75122782,75.52031068,81.2176379,78.29949469,-0.807946946,-0.718706093,-0.764414823
New Jersey,U.S.A.,9008.043313,468.8075501,8.31,214,1.432377722,0.97792158,1.362499765,365,1.198706492,0.818388145,1.14022809,10.07393519,76.05495259,81.1196131,78.52551869,-1.577391888,-1.344769208,-1.46391741
New Mexico,U.S.A.,2121.624299,6.749585789,8.94,214,1.553969406,1.063255261,1.481391835,365,1.779297117,1.217428743,1.696195698,11.24370577,73.07042235,79.21008825,76.06538132,-2.153988877,-1.935925302,-2.047616401
New York,U.S.A.,19779.54009,161.7168556,7.83,214,1.350979457,0.918031895,1.279057818,365,1.060034758,0.720326067,1.003602044,9.628160389,76.59453554,81.80195933,79.13474227,-1.456406164,-1.29825899,-1.379261201
North Carolina,U.S.A.,10501.12334,83.22349013,9.07,214,1.118596393,0.824082215,1.148161415,365,1.115404478,0.821730697,1.144885136,10.62921021,74.17753653,79.36823558,76.70958485,-1.375866104,-1.181016411,-1.280817473
North Dakota,U.S.A.,769.9672239,4.308829918,8.49,214,0.615816964,0.423711036,0.59033996,365,1.905275906,1.310919435,1.82645261,10.80365661,74.97439868,80.11211297,77.48060077,-2.454400743,-2.086588153,-2.274979968
Ohio,U.S.A.,11827.21457,111.5068049,10.61,214,1.662746041,1.117615612,1.557129979,365,1.441590486,0.968965791,1.350022016,12.36955993,73.0531966,78.48672099,75.7036963,-1.504765147,-1.30131682,-1.405522061
Oklahoma,U.S.A.,3989.492189,22.42832529,10.29,214,2.135914685,1.578089408,2.198690051,365,1.741825694,1.286922506,1.79301863,12.38960137,71.87151261,77.08271574,74.41356292,-1.878743897,-1.612654896,-1.748944384
Oregon,U.S.A.,4244.225318,17.0693214,8.84,214,0.554976173,0.377942197,0.526572033,365,0.598931444,0.407876007,0.568277637,9.849254501,76.50188697,81.20924124,78.79815735,-0.769767328,-0.649899679,-0.711295304
Pennsylvania,U.S.A.,12966.16963,111.6976917,10.59,214,1.566544324,0.970186546,1.351722846,365,1.59353152,0.986900158,1.375009266,12.5709775,73.90724323,79.51140725,76.64098178,-1.625062539,-1.439017049,-1.534308642
Rhode Island,U.S.A.,1070.329255,395.4661943,9.59,214,1.534574518,0.979331366,1.364463965,365,1.619127939,1.033291481,1.439644475,11.38121389,75.35786746,80.44387877,77.83884859,-1.87929597,-1.628514734,-1.75696366
South Carolina,U.S.A.,5145.408473,65.97709479,9.84,214,1.527466535,1.081715229,1.507111384,365,1.600844723,1.133679905,1.579511728,11.94362713,72.62398193,78.3793635,75.43148513,-1.753619674,-1.531053829,-1.645050969
South Dakota,U.S.A.,893.1318086,4.543567597,9.19,214,1.063698947,0.704046812,0.980920797,365,2.145260063,1.419916332,1.97831371,11.67095675,74.24151441,79.79763607,76.95181766,-2.44257256,-2.217044115,-2.332558685
Tennessee,U.S.A.,6847.751908,64.1424515,10.44,214,1.448872393,1.065104588,1.483968429,365,1.707275637,1.255063678,1.748630975,12.45696256,71.95242045,77.30427078,74.56307915,-1.812753727,-1.546086405,-1.682672107
Texas,U.S.A.,28999.32054,42.74928027,7,214,1.491088755,1.368297951,1.906395845,365,1.615693028,1.482641092,2.065705656,8.899010116,74.05351955,79.29942309,76.61249688,-2.52511113,-2.188471818,-2.360896832
Utah,U.S.A.,3194.496883,15.01064012,5.81,214,0.631094069,0.657791575,0.91647519,365,0.673345468,0.701830357,0.977832697,6.896112996,76.26680163,80.42835395,78.29682715,-1.317586035,-1.0084485,-1.166787237
Vermont,U.S.A.,634.3248119,26.47896592,9.63,214,0.333418027,0.206170746,0.287249611,365,0.320025319,0.197889297,0.275711392,10.468949,76.4713423,81.55743551,78.95236338,-0.36989704,-0.314397555,-0.342824121
Virginia,U.S.A.,8614.990303,84.00098971,8.1,214,1.286878825,0.965746684,1.34553696,365,1.090076677,0.818055217,1.139764234,9.67404474,75.49310461,80.36935173,77.87176174,-1.491276922,-1.264955184,-1.380876074
Washington,U.S.A.,7627.572498,44.23181191,7.7,214,0.5950283,0.453506842,0.631853288,365,0.597568886,0.455443175,0.634551105,8.543067877,77.03713265,81.7030932,79.31321097,-0.891849998,-0.760134295,-0.827598435
West Virginia,U.S.A.,1828.890267,29.31656199,12.82,214,1.499607097,0.907144431,1.26388874,365,1.549573559,0.937370214,1.306001138,14.92876861,71.18679163,76.83746504,73.94321768,-1.313745438,-1.11816935,-1.218342469
Wisconsin,U.S.A.,5882.865792,41.8196163,9.09,214,0.883700525,0.589717886,0.821630791,365,1.252960761,0.83613549,1.164954769,10.81910299,75.63665833,80.4176328,77.968841,-1.488574641,-1.265050997,-1.379538717
Wyoming,U.S.A.,584.6326195,2.324575586,8.23,214,0.986081358,0.717320402,0.99941437,365,1.282856917,0.933208435,1.300202694,9.976984762,75.13535679,79.89619907,77.45771887,-1.726626142,-1.521345151,-1.626489073
