LocID,Location,loc_type_fin,Pop_Mid2020,Density_Mid2020,CDR_Yr_Last,days_2021,CCDR_2021,CCMR_2021,ISCDR_2021,days_l12m,CCDR_l12m,CCMR_l12m,ISCDR_l12m,CDR_l12m,e0_l12m_M,e0_l12m_F,e0_l12m_B,e0_Diff_M,e0_Diff_F,e0_Diff_B
PE25,Ucayali,Peru,552.9170258,5.410185138,NA,302,5.89312762,9.673675229,15.2067205,365,4.977238666,8.170227001,12.84334604,14.02781195,59.95167015,65.3351131,62.57773989,-7.11316353,-5.99379867,-6.567131891
PE07,Callao,Peru,1119.096445,7669.772087,NA,302,8.638813575,9.54494945,15.00436753,365,7.287128858,8.051484845,12.65668701,18.65904856,63.90630561,68.88046272,66.33272371,-8.412184576,-7.331008312,-7.884781521
PE11,Ica,Peru,954.3642539,44.74736783,NA,302,8.318997984,9.447454372,14.85110826,365,7.022475928,7.975061545,12.53655193,18.58556967,63.2439699,68.40081343,65.75950333,-8.280934052,-7.18481374,-7.746241217
PE17,Madre de Dios,Peru,158.084038,1.853259523,NA,302,4.724832052,9.162810698,14.40365714,365,3.985222087,7.728493875,12.14895512,10.52066777,61.08305813,66.18154341,63.57012412,-7.161439618,-6.022618181,-6.605916965
PE15,Lima,Peru,10693.43489,307.0345139,NA,302,8.127970855,8.596102965,13.51280998,365,6.863931069,7.259260554,11.41133475,19.02149763,64.11867816,69.11588544,66.55634025,-7.71117313,-6.710241802,-7.222913946
PE24,Tumbes,Peru,252.0305573,53.97724605,NA,302,5.83610773,7.576154484,11.90948228,365,4.95971605,6.438464938,10.12106924,15.19848928,63.07948377,68.3653951,65.6579771,-6.389344766,-5.470700508,-5.941225616
PE18,Moquegua,Peru,197.5214462,12.55382121,NA,302,7.379364667,7.453399374,11.71651501,365,6.277799315,6.340782384,9.967515259,19.36845244,63.87839563,69.02091533,66.38694183,-6.757886201,-5.8834414,-6.331327761
PE23,Tacna,Peru,371.146283,23.08713751,NA,302,5.474046969,6.81928502,10.71970671,365,4.647763104,5.789943251,9.101613052,15.1494851,63.59342376,68.63678558,66.05360025,-5.978601099,-5.147423641,-5.573148681
PE20,Piura,Peru,2076.317853,58.22948477,NA,302,5.68529849,6.730473814,10.58009822,365,4.801288004,5.683948387,8.93499238,16.84732014,63.74127591,68.65801569,66.13968556,-5.765320091,-4.984688467,-5.384524177
PER,Peru,Cntry/Terr,32971.846,25.759,5.452,302,5.956530247,6.679405759,10.49982081,365,5.040512442,5.652221417,8.885118556,10.99760008,66.22157813,72.53499559,69.30129396,-8.063587638,-7.122534847,-7.604537496
PE04,Arequipa,Peru,1556.126869,24.5657477,NA,302,6.25070334,6.621360206,10.40857498,365,5.300339044,5.614640803,8.826042985,17.77347446,64.73487595,69.65810921,67.13645315,-6.308885382,-5.46584654,-5.897646923
PE14,Lambayeque,Peru,1340.72463,92.59454942,NA,302,6.01724374,6.414558055,10.08348835,365,5.107685684,5.44494253,8.559282509,17.60391752,64.61777084,69.5424594,67.02005794,-6.182870353,-5.359926203,-5.781434182
PE12,Junin,Peru,1393.373182,31.43268443,NA,302,5.246891198,6.197146715,9.741724396,365,4.44748046,5.252956062,8.257485674,17.53309286,62.38136699,67.48508661,64.87098632,-5.198992208,-4.389461559,-4.804099208
PE16,Loreto,Peru,981.1696183,2.660631859,NA,302,3.902357045,5.894557938,9.266064129,365,3.269567198,4.938721153,7.763518044,13.37496498,63.19466791,68.05624539,65.56616912,-4.772969057,-3.982501066,-4.387374915
PE13,La Libertad,Peru,1990.97033,78.07757404,NA,302,4.683354839,5.231317706,8.223470844,365,3.98047117,4.446195095,6.989282201,16.40076237,65.31159106,70.19374708,67.69313058,-5.17045026,-4.46762669,-4.827609494
PE19,Pasco,Peru,284.5809415,11.37148409,NA,302,3.873244814,5.223221515,8.210743879,365,3.289046677,4.43540757,6.972324543,14.74705607,62.83319091,67.95566861,65.33196052,-4.501394507,-3.835946701,-4.176785821
PE02,Ancash,Peru,1216.094852,33.88403182,NA,302,5.122274939,5.045307778,7.931068947,365,4.377947978,4.312165054,6.77859109,19.72566696,64.353028,69.44362839,66.8362477,-4.776923359,-4.05780986,-4.426136286
PE08,Cusco,Peru,1350.177422,18.75598094,NA,302,3.805276202,4.574502823,7.19097801,365,3.209207863,3.85794083,6.064564554,16.55013275,62.83205931,67.6775521,65.19571433,-3.807891831,-3.162968469,-3.493295069
MX03,Baja California Sur,Mexico,727.0073472,9.814769234,3.820880152,302,2.643286549,4.102690399,6.449303363,365,2.459397428,3.81727294,6.00063588,7.283841548,67.17875045,74.09916838,70.55456407,-5.714036554,-5.033901624,-5.382263417
PE10,Huanuco,Peru,804.8043386,21.59634266,NA,302,3.31284503,4.132565455,6.496266033,365,2.845412096,3.54947232,5.579661525,15.40869184,63.82959252,68.54845926,66.13147873,-3.764987931,-3.174852585,-3.47711703
PE22,San Martin,Peru,909.6110642,17.73533424,NA,302,2.935120279,4.131187548,6.494100007,365,2.510963301,3.534185769,5.555631536,13.23459178,63.88489826,68.83140084,66.29782635,-3.617655851,-3.040368739,-3.336052382
PE03,Apurimac,Peru,453.9513999,21.72455956,NA,302,3.591604537,3.73417219,5.870004051,365,3.08843634,3.211030884,5.047641978,19.28954787,63.59873583,68.03640223,65.76345115,-3.222112176,-2.665436869,-2.950563245
BR41,Parana,Brazil,11565.20767,58.02943764,NA,302,3.394913598,3.507128474,5.5130983,365,3.062028889,3.163240653,4.972517201,NA,NA,NA,NA,NA,NA,NA
PE21,Puno,Peru,1316.37493,18.28323907,NA,302,3.450349547,3.655152136,5.745786952,365,2.910265087,3.083009853,4.846396847,17.9252891,63.33540511,67.96600322,65.59423346,-3.227671171,-2.704779077,-2.972601857
PRY,Paraguay,Cntry/Terr,7132.53,17.953,5.476,302,2.369084494,3.432033221,5.395050868,365,2.100376725,3.042763023,4.783130066,7.78652301,67.76997695,72.74870054,70.1986226,-4.557572502,-3.740629722,-4.159063829
PE01,Amazonas,Peru,423.381312,10.78702412,NA,302,2.866077633,3.5516012,5.58300806,365,2.439880955,3.023464553,4.752793463,15.59697401,64.0775964,68.44509266,66.20808238,-3.060507696,-2.449928556,-2.762664213
MX23,Quintana Roo,Mexico,1497.403063,33.43683334,3.346464712,302,1.622345176,3.237164613,5.088723398,365,1.497926681,2.988904776,4.698466554,5.501368042,68.00947173,74.63274316,71.24033585,-4.634037267,-4.003689836,-4.326550715
BR50,Mato Grosso do Sul,Brazil,2810.886048,7.870421945,NA,302,3.144403384,3.24833794,5.106287524,365,2.88805731,2.983518648,4.689999727,NA,NA,NA,NA,NA,NA,NA
MX22,Queretaro,Mexico,2094.397352,178.9694428,4.356824114,302,2.08494596,2.950249798,4.637702115,365,2.08842892,2.955178271,4.645449525,7.440990136,68.0760242,74.65722598,71.28636653,-4.6435108,-3.987856025,-4.323679202
BR11,Rondonia,Brazil,1797.625809,7.560507202,NA,302,3.19292558,3.29846398,5.185084121,365,2.857101836,2.951539977,4.639730237,NA,NA,NA,NA,NA,NA,NA
BR51,Mato Grosso,Brazil,3524.464271,3.902166609,NA,302,3.162408198,3.266937881,5.135526061,365,2.827663791,2.921128892,4.591924945,NA,NA,NA,NA,NA,NA,NA
PE05,Ayacucho,Peru,688.1996898,15.70476332,NA,302,3.054014052,3.387603496,5.325208703,365,2.600989257,2.885094878,4.535280582,17.55220186,64.18576052,69.04736072,66.55727281,-2.940426573,-2.453382564,-2.70284413
BR33,Rio de Janeiro,Brazil,17463.1277,399.1533089,NA,302,2.955164055,3.052843528,4.79897631,365,2.760559323,2.851806365,4.482952062,NA,NA,NA,NA,NA,NA,NA
PE09,Huancavelica,Peru,387.3863235,17.5088281,NA,302,3.16046571,3.358896588,5.280082325,365,2.67949573,2.847728751,4.476542177,19.02516016,63.97151094,68.2362861,66.05188907,-2.792826906,-2.259891797,-2.53285856
MX15,Mexico (State),Mexico,17378.1873,777.5366683,4.499645556,302,1.734722991,2.515216091,3.953842483,365,1.92615026,2.792771038,4.39015034,7.199071928,68.56178785,74.17978234,71.30227297,-4.555346154,-3.633587659,-4.105707864
BR52,Goias,Brazil,7098.917858,20.86669134,NA,302,2.955244751,3.05292689,4.799107353,365,2.630260044,2.717200197,4.271355297,NA,NA,NA,NA,NA,NA,NA
BR43,Rio Grande do Sul,Brazil,11507.83861,40.85035953,NA,302,2.788515365,2.880686461,4.528350685,365,2.598663487,2.684559252,4.220044735,NA,NA,NA,NA,NA,NA,NA
PE06,Cajamarca,Peru,1500.006301,45.03939131,NA,302,2.836996913,3.095289933,4.865700756,365,2.416656516,2.636679846,4.144779778,16.59255923,65.95288202,70.49454775,68.16832872,-2.919920763,-2.468182772,-2.699560767
MX02,Baja California,Mexico,3605.789312,50.51421603,4.88103275,302,1.401076524,2.178445598,3.424449607,365,1.655948111,2.574729368,4.047395528,6.456281431,68.80393891,75.54870265,72.09406757,-4.149772086,-3.626895346,-3.894710262
BR35,Sao Paulo,Brazil,46446.15489,187.1172831,NA,302,2.734389341,2.824771365,4.440453871,365,2.439728332,2.520370683,3.961945343,NA,NA,NA,NA,NA,NA,NA
MX09,Ciudad de Mexico,Mexico,10298.92046,6888.846188,6.225906895,302,2.707099135,2.738909852,4.305482208,365,2.453461029,2.482291283,3.902085695,9.342055756,69.40620653,75.92501118,72.58611124,-4.13920747,-3.558461823,-3.855916911
BR53,Distrito Federal,Brazil,3049.880335,529.4211456,NA,302,2.611887298,2.698220161,4.241519263,365,2.377142446,2.455716094,3.860310314,NA,NA,NA,NA,NA,NA,NA
SWZ,Eswatini,Cntry/Terr,1160.164,67.451,9.42,302,1.08030228,2.687980777,4.225423265,365,0.970552439,2.414904001,3.796154958,10.26379349,54.60001013,63.05672857,58.72523864,-1.460493315,-1.708477141,-1.581461035
BR42,Santa Catarina,Brazil,7247.032777,75.7022981,NA,302,2.397028079,2.476259024,3.892603169,365,2.292662461,2.368443722,3.723120825,NA,NA,NA,NA,NA,NA,NA
MKD,North Macedonia,Cntry/Terr,2083.38,82.608,10.017,302,2.665648899,2.077840816,3.266301977,365,2.987453081,2.328683252,3.660618587,13.34379067,70.66492274,75.44309342,72.9957377,-3.262505218,-2.542161989,-2.911118277
BR32,Espirito Santo,Brazil,4064.780182,88.22200692,NA,302,2.320417423,2.397116092,3.76819291,365,2.244893842,2.319096168,3.645547985,NA,NA,NA,NA,NA,NA,NA
BR13,Amazonas,Brazil,4192.172931,2.688724518,NA,302,2.44594897,2.526796936,3.972047216,365,2.235833339,2.30973618,3.630834371,NA,NA,NA,NA,NA,NA,NA
TUN,Tunisia,Cntry/Terr,11818.618,76.072,6.258,302,2.101610285,2.323858871,3.653034807,365,2.071900454,2.291007179,3.601392956,8.466916966,71.37497062,76.02895965,73.64520917,-3.495393798,-2.864590795,-3.187685016
BR31,Minas Gerais,Brazil,21411.78807,36.50642275,NA,302,2.462342803,2.543732648,3.998669636,365,2.190569038,2.262975721,3.557328365,NA,NA,NA,NA,NA,NA,NA
BR14,Roraima,Brazil,612.7145454,2.739680481,NA,302,2.46174076,2.543110706,3.997691962,365,2.185356966,2.25759137,3.548864331,NA,NA,NA,NA,NA,NA,NA
MX19,Nuevo Leon,Mexico,5360.736534,83.51926647,4.967488693,302,1.756075412,2.251827208,3.539803244,365,1.742670982,2.234638618,3.512783309,7.473991627,69.25303462,75.90749168,72.49911123,-3.671067384,-3.189413319,-3.436114182
MX08,Chihuahua,Mexico,3832.828236,15.52724882,7.576475907,302,1.149065889,1.537885368,2.417508589,365,1.66613258,2.22991644,3.505360191,7.322621664,68.76860377,75.46626439,72.03575529,-3.623017233,-3.147576611,-3.391094979
MX26,Sonora,Mexico,3077.473585,17.10683613,5.602295604,302,1.679696579,2.153699134,3.385548924,365,1.73551449,2.225268599,3.498053926,7.652222332,68.8136525,75.47781159,72.06446181,-3.575191496,-3.099576414,-3.343184139
PSE,State of Palestine,Cntry/Terr,5101.416,847.411,3.464,302,0.771636816,2.051008123,3.224121808,365,0.827613353,2.199793575,3.458007971,4.328861299,69.57947625,73.59094877,71.53629211,-2.980197014,-2.344246309,-2.669977158
BRA,Brazil,Cntry/Terr,212559.409,25.431,6.417,302,2.343301794,2.420756879,3.805355501,365,2.122550124,2.192708522,3.446870486,8.918273416,68.82023241,76.23593159,72.43764664,-3.628633858,-3.46820252,-3.550374669
MX05,Coahuila de Zaragoza,Mexico,3150.456468,20.74787105,5.309652084,302,1.226081132,1.616202313,2.540620421,365,1.658172412,2.185778753,3.4359771,7.323942872,69.13302813,75.7680376,72.36961812,-3.568047871,-3.092158397,-3.335906664
BWA,Botswana,Cntry/Terr,2351.625,4.149,5.802,302,1.214969359,2.612518157,4.106798343,365,1.014192314,2.18079231,3.428138566,6.960200252,63.97218273,70.13575336,66.97880255,-2.402714103,-2.140664234,-2.274884899
MX01,Aguascalientes,Mexico,1360.852057,242.3128719,4.368791118,302,1.317980268,1.871815464,2.942436449,365,1.531393504,2.174908162,3.418888866,6.796622521,69.3500011,75.79528399,72.49404153,-3.614692904,-3.089743013,-3.358619786
JOR,Jordan,Cntry/Terr,10203.14,114.926,3.858,302,0.848845947,1.789629643,2.813242861,365,1.030957137,2.173576322,3.416795255,5.01230523,69.97701508,74.08279351,71.97983382,-2.99322087,-2.36906607,-2.688755114
SUR,Suriname,Cntry/Terr,586.634,3.76,7.321,302,1.977834392,2.590115466,4.071582001,365,1.658615082,2.172074969,3.414435173,9.202759569,65.98437252,72.76957975,69.29422971,-2.599855851,-2.42854829,-2.516291187
MX13,Hidalgo,Mexico,3072.136395,147.5537721,4.874263513,302,1.70110497,1.988468872,3.125812025,365,1.808513453,2.114021632,3.32317711,8.42711924,68.9163546,74.99255753,71.88035603,-3.413088401,-2.82953247,-3.128426971
ZAF,South Africa,Cntry/Terr,59308.69,48.891,9.52,302,1.235637192,2.18483914,3.434500058,365,1.184666193,2.094712819,3.292824249,10.7091804,59.22690767,66.1859533,62.62156407,-1.618107752,-1.586385734,-1.602633597
COL,Colombia,Cntry/Terr,50882.884,45.861,5.525,302,1.994804851,2.168441007,3.408722697,365,1.917304845,2.084195076,3.276290679,7.773099842,70.73618066,76.89737063,73.74163918,-3.960754027,-3.261507587,-3.619658203
MNE,Montenegro,Cntry/Terr,628.062,46.696,10.703,302,2.703707638,1.927421964,3.02984816,365,2.920093876,2.081679615,3.272336452,13.79374932,71.54113525,76.8560533,74.1337782,-3.048002994,-2.561458972,-2.810664447
BIH,Bosnia and Herzegovina,Cntry/Terr,3280.815,64.33,10.614,302,2.736009516,1.759596355,2.766031455,365,3.177868914,2.043767219,3.212739328,14.31867152,71.88097582,77.29547335,74.52219413,-3.177435116,-2.685605203,-2.937518085
MX06,Colima,Mexico,749.7410318,133.2248054,4.954231387,302,1.911874281,2.258468997,3.550243933,365,1.728596869,2.041966083,3.209907998,8.060058099,69.6779394,75.19690579,72.37011813,-3.466250604,-2.768092208,-3.125685533
MX21,Puebla,Mexico,6612.709445,192.7810566,5.368843957,302,1.744911494,2.134009242,3.354597018,365,1.614315598,1.974291772,3.103526059,8.037737448,68.55600119,75.10431245,71.75029937,-3.185672807,-2.72556955,-2.961232194
MX17,Morelos,Mexico,2047.959414,419.795341,5.493952095,302,1.93216073,2.150235896,3.380104821,365,1.734897663,1.930708545,3.035014564,8.577701483,69.46458022,75.20661709,72.26557381,-3.206980784,-2.600246912,-2.911013041
MX25,Sinaloa,Mexico,3215.595895,55.99895444,5.588271531,302,1.67820851,1.990627941,3.129206015,365,1.614319762,1.914845506,3.010078353,8.055831258,69.02700325,75.61397654,72.24016095,-3.107049754,-2.677119459,-2.897327659
MEX,Mexico (Country),Cntry/Terr,128932.753,66.325,5.974,302,1.5169302,1.867358438,2.935430141,365,1.552871519,1.911602614,3.004980627,7.782766011,69.19040262,75.35177092,72.19594813,-3.166482739,-2.647209603,-2.91317877
MX14,Jalisco,Mexico,8442.703892,107.3904182,5.330797877,302,1.576415029,1.890873352,2.972394863,365,1.572955794,1.886724079,2.965872334,7.869058581,69.36682523,75.93284193,72.56976021,-3.105497765,-2.677213074,-2.896578404
BLZ,Belize,Cntry/Terr,397.621,17.432,4.702,302,0.738623093,1.23500182,1.941384949,365,1.119156181,1.871265512,2.941571941,6.067754816,68.60584199,75.19077165,71.8180028,-3.174811388,-2.722071309,-2.953962569
MX11,Guanajuato,Mexico,6295.742217,205.6362575,4.945344574,302,1.382969774,1.733308293,2.724707428,365,1.47575928,1.849603546,2.907519996,7.596759768,69.10663168,75.65511713,72.30101483,-3.05907132,-2.626775873,-2.848195492
MX31,Yucatan,Mexico,2269.236978,57.43943112,5.712891898,302,1.694219744,1.890922185,2.972471628,365,1.64724973,1.838498855,2.890063762,8.616595964,68.73822038,75.32152055,71.94958632,-2.946057623,-2.53371145,-2.744913148
BR17,Tocantins,Brazil,1590.920967,5.733735278,NA,302,2.004826093,2.071093262,3.255695029,365,1.760615428,1.8188105,2.859114273,NA,NA,NA,NA,NA,NA,NA
ARG,Argentina,Cntry/Terr,45195.777,16.515,7.612,302,1.943341839,1.789721926,2.813387927,365,1.946177405,1.792333343,2.817492994,9.672239388,70.61329993,77.4006396,73.92419733,-2.790950624,-2.705880051,-2.749452783
GEO,Georgia,Cntry/Terr,3989.175,57.406,12.848,302,2.245933189,1.644644482,2.585330638,365,2.441607601,1.787932288,2.810574672,15.07370087,67.3907196,76.08175542,71.63024927,-2.074228878,-2.146830145,-2.10964413
BGR,Bulgaria,Cntry/Terr,6948.445,64.006,15.382,302,2.807731926,1.537111359,2.41629187,365,3.260297808,1.784871536,2.805763262,18.84402081,69.33885789,76.59592935,72.87889275,-2.353654192,-2.171409355,-2.264754271
HUN,Hungary,Cntry/Terr,9660.35,106.709,12.528,302,2.646708363,1.531972856,2.408214301,365,3.042022287,1.760789226,2.76790661,15.98676969,70.78846901,77.86647389,74.24115432,-2.575636973,-2.501534929,-2.539489635
MX24,San Luis Potosi,Mexico,2972.709603,48.63459322,5.140169204,302,1.429493885,1.577171252,2.479264793,365,1.575666858,1.738444983,2.732782146,8.596695276,69.39394322,75.21302112,72.23251781,-2.877031775,-2.346102882,-2.618042071
MX18,Nayarit,Mexico,1255.449391,45.12762574,5.470151957,302,1.677969638,1.851497026,2.910496488,365,1.569955758,1.73231288,2.72314267,8.393283865,69.94287594,75.52085949,72.66384352,-2.956323061,-2.376030512,-2.673253525
BR28,Sergipe,Brazil,2325.082788,106.0450547,NA,302,1.841699002,1.902574196,2.990788231,365,1.664456862,1.719473526,2.702959598,NA,NA,NA,NA,NA,NA,NA
MX29,Tlaxcala,Mexico,1345.007655,336.5002364,4.731028022,302,1.373942795,1.71191539,2.691078441,365,1.370252424,1.707317235,2.683850282,7.505542048,69.54851543,75.67112142,72.5351525,-2.894790573,-2.413220581,-2.659878382
BR23,Ceara,Brazil,9236.905347,62.03660315,NA,302,1.897524224,1.960244656,3.081444424,365,1.650877586,1.705445403,2.68090782,NA,NA,NA,NA,NA,NA,NA
BR25,Paraiba,Brazil,4064.251178,71.97537961,NA,302,1.705151886,1.761513676,2.769045425,365,1.569046725,1.620909719,2.54802032,NA,NA,NA,NA,NA,NA,NA
MX04,Campeche,Mexico,945.7852605,16.4446194,4.644710076,302,1.37628724,1.769181624,2.781099202,365,1.260328374,1.620119504,2.546778126,7.344434012,69.23265721,75.56046791,72.31939414,-2.678685788,-2.267880086,-2.478292763
US01,Alabama,U.S.A.,4944.685616,37.61844948,10.92,302,2.604846901,1.639987905,2.578010642,365,2.556482046,1.609537832,2.530144062,13.95145029,70.28018619,76.20717184,73.1713987,-2.647324308,-2.331887353,-2.493452622
SVK,Slovakia,Cntry/Terr,5459.643,113.534,9.869,302,2.399445512,1.631450007,2.564589329,365,2.355831691,1.601795752,2.51797375,12.66230063,71.65971085,78.7409184,75.11395843,-2.501943489,-2.310939883,-2.408770998
BHS,Bahamas,Cntry/Terr,393.248,39.286,6.714,302,1.453719244,1.766665555,2.77714402,365,1.304520303,1.585348129,2.492118593,8.414714075,69.43246689,74.39841839,71.85488226,-2.279656971,-1.79408611,-2.042793136
MX32,Zacatecas,Mexico,1713.503297,22.75984007,5.616944886,302,1.125023682,1.200861955,1.887718129,365,1.461333634,1.559842689,2.452024822,8.564872434,69.43800934,75.92200594,72.60093451,-2.616990661,-2.239809063,-2.432999637
US40,Oklahoma,U.S.A.,3989.492189,22.42832529,10.29,302,2.490536727,1.630841952,2.563633484,365,2.378498202,1.557477393,2.448306651,13.04154438,71.03680736,76.37762437,73.64208395,-2.713449145,-2.317746271,-2.520423353
IRN,Iran (Islamic Republic of),Cntry/Terr,83992.953,51.575,4.879,302,1.016640792,1.403781836,2.206701954,365,1.121820303,1.549014143,2.435002682,6.048730664,73.22850405,76.26852578,74.71144148,-2.504343645,-1.772116454,-2.14715965
CZE,Czechia,Cntry/Terr,10708.982,138.646,10.497,302,2.156630254,1.236921478,1.944402592,365,2.693439955,1.544805246,2.428386425,13.60539926,74.09115468,79.66395273,76.80959275,-2.804461233,-2.389626507,-2.60210283
US28,Mississippi,U.S.A.,3019.797921,24.85299475,10.82,302,2.112005933,1.423709558,2.238027721,365,2.262734189,1.525315929,2.397749817,13.30811051,69.85567684,76.12454003,72.91365888,-2.40891702,-2.186808401,-2.300571352
MX10,Durango,Mexico,1858.666308,15.02473172,5.646890811,302,0.963029417,1.182722628,1.859203665,365,1.234756336,1.51643785,2.383793749,7.457822601,69.55673003,76.0762696,72.73699323,-2.557642971,-2.1963924,-2.381423181
BR16,Amapa,Brazil,855.4391669,6.004313832,NA,302,1.506100648,1.555883033,2.445800366,365,1.464744717,1.51316013,2.378641274,NA,NA,NA,NA,NA,NA,NA
ARM,Armenia,Cntry/Terr,2963.234,104.083,9.905,302,1.372884763,1.202108465,1.889677604,365,1.70691886,1.494591291,2.349451628,11.22816997,69.4528743,76.74548416,73.01024497,-2.011489171,-1.85221158,-1.933792785
US13,Georgia (USA),U.S.A.,10628.51002,70.85224615,7.97,302,2.047418678,1.532816906,2.409541123,365,1.995576046,1.494004492,2.348529198,10.45944744,72.42436716,77.91295338,75.10172629,-2.831931935,-2.397087755,-2.619812823
BR22,Piaui,Brazil,3310.800453,13.15080348,NA,302,1.554384914,1.605763279,2.524210582,365,1.441645326,1.489297217,2.341129507,NA,NA,NA,NA,NA,NA,NA
US48,Texas,U.S.A.,28999.32054,42.74928027,7,302,1.78970053,1.428985971,2.246322079,365,1.835456797,1.465520052,2.303752533,9.130222945,73.57037636,78.90712251,76.17366717,-3.008254313,-2.580772402,-2.799726552
ECU,Ecuador,Cntry/Terr,17643.06,71.038,5.099,302,1.296357993,1.626006183,2.556031805,365,1.159549421,1.454408842,2.286286052,6.429046027,71.6203668,77.52667242,74.5014915,-2.876999812,-2.47036384,-2.678640802
LBN,Lebanon,Cntry/Terr,6825.442,667.199,4.308,302,1.241643869,1.545989823,2.430248543,365,1.161536498,1.446246907,2.273455741,5.826230363,74.63490414,78.74297782,76.63884252,-2.639623829,-2.222472668,-2.436135458
MX28,Tamaulipas,Mexico,3689.7431,45.94464224,5.262265822,302,1.134009926,1.421409702,2.234412417,365,1.139645738,1.428473837,2.24551702,7.24765407,69.81307562,76.31652686,72.98549086,-2.413436378,-2.073554141,-2.247640165
BR24,Rio Grande do Norte,Brazil,3547.108252,67.16786564,NA,302,1.498193624,1.547714652,2.432959922,365,1.362236407,1.407263529,2.212175068,NA,NA,NA,NA,NA,NA,NA
HND,Honduras,Cntry/Terr,9904.608,88.521,4.437,302,0.866987252,1.53968356,2.420335291,365,0.770449472,1.368242015,2.150834446,5.343059904,70.57792669,75.55844986,73.00745019,-2.547463426,-2.151006462,-2.354069785
GUY,Guyana,Cntry/Terr,786.559,3.996,7.422,302,1.137067735,1.540206579,2.421157461,365,1.00056067,1.355301956,2.130493071,8.600276475,64.84828207,71.40294404,68.04567815,-2.133280311,-1.804223708,-1.972764895
BR29,Bahia,Brazil,15043.79227,26.6374759,NA,302,1.440646153,1.488265017,2.339506921,365,1.306452499,1.34963575,2.121585968,NA,NA,NA,NA,NA,NA,NA
US05,Arkansas,U.S.A.,3049.575428,22.61036639,10.85,302,1.850024114,1.1554557,1.81634089,365,2.155054091,1.345965986,2.115817212,13.35230083,71.19921485,76.75231668,73.90804501,-2.349172681,-2.017694867,-2.187476186
BR12,Acre,Brazil,892.0587535,5.435274239,NA,302,1.422596584,1.469618841,2.310195703,365,1.300362779,1.343344742,2.111696696,NA,NA,NA,NA,NA,NA,NA
BHR,Bahrain,Cntry/Terr,1701.583,2238.925,2.382,302,0.739406924,1.541381246,2.423004001,365,0.637641537,1.329239253,2.089523301,3.102950124,74.28559364,76.92151382,75.57140836,-2.273370573,-1.624587483,-1.956891017
MX27,Tabasco,Mexico,2555.913904,103.3279274,4.983465134,302,1.060642376,1.474297814,2.317550905,365,0.956213743,1.32914153,2.089369683,6.56646351,69.78238749,76.30317594,72.96325991,-2.253916507,-1.939731062,-2.100655314
MX16,Michoacan de Ocampo,Mexico,4992.690384,85.1423756,5.553158937,302,1.271623917,1.375143909,2.161684011,365,1.225992307,1.325797534,2.084113024,8.358810106,70.18865993,75.35963751,72.71108802,-2.33279207,-1.81775449,-2.081554226
OMN,Oman,Cntry/Terr,5106.622,16.5,2.44,302,0.618194849,1.409622336,2.21588304,365,0.580422831,1.323493699,2.080491466,3.084308104,73.84544779,78.23783124,75.98807386,-2.482200587,-2.250942468,-2.369391749
GUF,French Guiana,Cntry/Terr,298.682,3.634,2.924,302,0.942828695,1.585324994,2.492082224,365,0.786789964,1.322952729,2.079641078,3.894320545,74.80864837,80.76901152,77.71614259,-2.434487521,-2.396443041,-2.415929238
MDA,Republic of Moldova,Cntry/Terr,4033.963,122.799,11.621,302,1.402167395,1.233635079,1.939236475,365,1.493320588,1.313832192,2.065303874,13.45400617,66.37861014,74.78618,70.47986373,-1.343106825,-1.442631407,-1.391655402
US32,Nevada,U.S.A.,3070.509339,10.7965868,8.22,302,1.774432185,1.198007271,1.883230653,365,1.919551237,1.295984348,2.037247611,10.69539461,73.32565113,78.75476345,75.9739986,-2.648577333,-2.27429201,-2.465999126
US04,Arizona,U.S.A.,7262.285795,24.67367208,8.23,302,2.025197939,1.231192983,1.935397574,365,2.089424794,1.270238871,1.996776512,10.73783953,74.17614243,79.9766151,77.00564129,-2.929545567,-2.535582472,-2.737368448
US22,Louisiana,U.S.A.,4713.233904,41.77058341,9.78,302,1.804489999,1.229084474,1.932083062,365,1.851382761,1.261024338,1.982291549,11.87151423,71.43125125,77.29764831,74.29290835,-2.26715081,-1.974702257,-2.124492979
US46,South Dakota,U.S.A.,893.1318086,4.543567597,9.19,302,1.009506668,0.60079247,0.94442732,365,2.112790052,1.257394719,1.976585899,11.65575707,74.04321818,79.65899299,76.78262053,-2.640868787,-2.355687197,-2.501755816
US47,Tennessee,U.S.A.,6847.751908,64.1424515,10.44,302,1.660309481,1.073666327,1.687770507,365,1.942681361,1.256266729,1.974812734,12.70635078,71.55063154,76.9685767,74.19353162,-2.214542628,-1.881780485,-2.052219631
BR27,Alagoas,Brazil,3375.666603,121.2380432,NA,302,1.359461684,1.404397091,2.207669115,365,1.211612544,1.251660972,1.967572624,NA,NA,NA,NA,NA,NA,NA
ROU,Romania,Cntry/Terr,19237.682,83.58,13.026,302,1.926406003,1.131835485,1.779210638,365,2.093131595,1.229792998,1.93319684,15.35081979,70.90120257,77.93639288,74.33300272,-1.840012282,-1.675299057,-1.759664367
BR26,Pernambuco,Brazil,9666.776852,98.57230271,NA,302,1.292280314,1.33499512,2.098571348,365,1.18581407,1.225009759,1.925677736,NA,NA,NA,NA,NA,NA,NA
US56,Wyoming,U.S.A.,584.6326195,2.324575586,8.23,302,1.521530606,0.971355407,1.526940882,365,1.891786334,1.207729163,1.898513169,10.59608047,74.24117105,79.15683262,76.63905474,-2.620811877,-2.260711602,-2.445153206
MX30,Veracruz de Ignacio de la Llave,Mexico,8831.400657,122.9408844,5.897926966,302,1.114809701,1.210192891,1.902386074,365,1.112054631,1.207202097,1.897684638,8.383261404,69.5215357,75.93441129,72.64976769,-1.9893613,-1.693795714,-1.845182965
MX12,Guerrero,Mexico,3882.954143,61.07277211,4.860763558,302,1.060774927,1.236624402,1.943935598,365,1.034006546,1.205418505,1.894880885,8.392822171,68.36513454,74.73767039,71.47368861,-1.88741046,-1.59368661,-1.744130533
US18,Indiana,U.S.A.,6767.587151,72.84526274,9.84,302,1.500674241,0.970800257,1.526068203,365,1.861963462,1.204521647,1.893471053,12.05230439,72.41077227,78.01170392,75.14293405,-2.198492312,-1.925359362,-2.065256727
US45,South Carolina,U.S.A.,5145.408473,65.97709479,9.84,302,1.966975818,1.225344051,1.926203232,365,1.926960717,1.200416308,1.887017587,12.2821218,72.13430982,77.96672242,74.97938913,-2.243291784,-1.94369491,-2.097146967
BR15,Para,Brazil,8701.617498,6.984365885,NA,302,1.326445175,1.37028926,2.154052652,365,1.153923394,1.192064975,1.873889547,NA,NA,NA,NA,NA,NA,NA
PAN,Panama,Cntry/Terr,4314.768,58.041,5.06,302,0.92212182,1.002836798,1.576428661,365,1.089745729,1.185133128,1.862992897,6.413053888,72.83973432,79.40250948,76.04108806,-2.790943768,-2.461864074,-2.630417088
MYS,Malaysia,Cntry/Terr,32365.998,98.512,5.054,302,1.05670232,1.417240906,2.227859198,365,0.882562002,1.183685271,1.860716909,6.28110728,72.19628374,76.92050955,74.50078413,-2.154894615,-1.517880715,-1.844156127
US21,Kentucky,U.S.A.,4519.892634,43.92223863,10.82,302,1.896919875,1.212200327,1.905541703,365,1.84451284,1.178710339,1.852896469,13.34258862,70.96750229,76.31310209,73.57511195,-1.97530815,-1.686085941,-1.834224146
US54,West Virginia,U.S.A.,1828.890267,29.31656199,12.82,302,2.029448754,1.093925776,1.719617738,365,2.181104068,1.175671943,1.848120203,15.57539601,70.51799187,76.26936928,73.32354182,-1.9825452,-1.686265112,-1.838018328
US35,New Mexico,U.S.A.,2121.624299,6.749585789,8.94,302,1.459474684,0.886767583,1.393971419,365,1.92588292,1.170154276,1.839446601,11.40287367,72.73936858,78.94493153,75.76647246,-2.485042641,-2.201082025,-2.346525268
GTM,Guatemala,Cntry/Terr,17915.567,167.185,4.753,302,0.682372084,1.258363677,1.978109071,365,0.633415621,1.16808297,1.836190571,5.456866992,69.45637601,75.63830741,72.4719523,-2.108944096,-1.703088298,-1.910965658
US20,Kansas,U.S.A.,2945.539241,13.8991931,9.29,302,1.481660139,0.925953234,1.455570059,365,1.836675582,1.147817675,1.80433415,11.53111308,73.96300589,79.02152705,76.43057719,-2.344660115,-1.973939573,-2.163820826
URY,Uruguay,Cntry/Terr,3473.727,19.848,9.465,302,2.051039605,1.357404016,2.133797444,365,1.733872581,1.147498858,1.803832979,11.39832125,72.3247486,79.37213671,75.7624989,-1.9831737,-2.215100933,-2.096308936
POL,Poland,Cntry/Terr,37846.605,123.589,10.089,302,1.53984566,0.91141717,1.432719813,365,1.922338873,1.137810562,1.788603275,12.53056791,72.92409507,80.64097303,76.68842579,-2.059789736,-2.030114808,-2.045314161
BOL,Bolivia (Plurinational State of),Cntry/Terr,11673.029,10.775,6.785,302,1.009087355,1.297683543,2.039918694,365,0.88468897,1.137707564,1.788441366,7.83786707,66.82681913,72.87416809,69.77674545,-2.056020542,-1.820918575,-1.941336656
LBY,Libya,Cntry/Terr,6871.287,3.905,5.07,302,0.630223569,1.131398224,1.778523276,365,0.624773787,1.121614593,1.76314371,5.830994273,68.82132714,74.86864443,71.77123801,-1.432056026,-1.226196433,-1.331636712
SVN,Slovenia,Cntry/Terr,2078.932,103.224,9.939,302,1.177836689,0.605678601,0.952108168,365,2.170345158,1.116055928,1.754405658,12.73357438,76.420375,82.05708323,79.16998877,-2.324086393,-2.085024673,-2.20747092
HRV,Croatia,Cntry/Terr,4105.268,73.361,13.134,302,1.53738017,0.803115432,1.262472805,365,2.12799749,1.111649322,1.747478609,15.4718427,73.61466674,80.01185891,76.73524829,-1.857538628,-1.689506735,-1.775571851
IT06,Friuli-Venezia Giulia,Italy,1218.961536,155.1478388,11.9,302,2.191231151,0.843850823,1.326507589,365,2.85817058,1.100691543,1.730253316,15.10171108,78.11462331,83.51321147,80.74808095,-2.72138372,-2.4039175,-2.566522149
US16,Idaho,U.S.A.,1774.65463,8.280203569,8.16,302,1.411794147,0.93223507,1.465444913,365,1.665676211,1.099878323,1.72897496,10.2317013,75.04475578,79.49251841,77.21439609,-2.375620499,-1.885099314,-2.136341872
US38,North Dakota,U.S.A.,769.9672239,4.308829918,8.49,302,0.776996177,0.481721118,0.75725081,365,1.761113925,1.091853209,1.716359727,10.67450192,74.93753317,80.10632553,77.4588953,-2.491266247,-2.092375598,-2.296685442
US30,Montana,U.S.A.,1076.137213,2.854544268,9.71,302,1.536400251,0.877730695,1.379765708,365,1.905890788,1.088817087,1.711587036,11.8309216,74.26848074,79.13114919,76.64051413,-2.345741275,-1.894836182,-2.125787571
IT02,Valle d'Aosta/Vallee d'Aoste,Italy,125.9531729,38.70125138,11.7,302,0.91159181,0.380287066,0.597799593,365,2.580324041,1.076428997,1.69211334,14.96515883,75.66607469,83.09212534,79.28853842,-2.387925105,-2.1622138,-2.277822029
CRI,Costa Rica,Cntry/Terr,5094.114,99.767,5.046,302,1.147370168,1.089949502,1.713367157,365,1.132679795,1.075994315,1.691430032,6.546995612,75.46227617,80.8869411,78.10845419,-2.514084845,-2.132680438,-2.328033915
MYT,Mayotte,Cntry/Terr,272.813,727.501,2.685,302,0.562632197,1.178064349,1.851880992,365,0.505840997,1.059152406,1.664955069,3.339355622,74.15581301,81.01594716,77.50221991,-2.171910434,-2.0558698,-2.115305247
ATG,Antigua and Barbuda,Cntry/Terr,97.928,222.564,6.344,302,1.197156067,1.244344318,1.95607107,365,1.010946818,1.050795267,1.651817903,7.617643013,73.96871439,76.91868139,75.40772268,-1.995755071,-1.325486484,-1.668794785
ES18,Ceuta,Spain,83.67289829,4183.644915,6.29,302,0.996667277,0.760422567,1.195360932,365,1.374399625,1.048619247,1.648397267,8.296283461,76.87054982,81.07160392,78.9198445,-2.317378068,-1.837299352,-2.083193328
KAZ,Kazakhstan,Cntry/Terr,18776.707,6.955,7.129,302,0.919746891,1.173873469,1.845293058,365,0.812389521,1.036853198,1.629901398,8.094327361,67.92820384,76.34158052,72.03229003,-1.256980388,-1.317445641,-1.286475633
CHL,Chile,Cntry/Terr,19116.209,25.71,6.12,302,1.334728572,1.100101781,1.729326228,365,1.251660306,1.031635765,1.621699754,7.762032963,75.67476691,80.59760483,78.07615126,-2.308639653,-1.960889418,-2.139005392
LTU,Lithuania,Cntry/Terr,2722.291,43.436,13.564,302,1.912612848,0.949126275,1.491997368,365,2.072151728,1.028296789,1.616450986,16.64364784,68.9423374,79.55249641,74.11802472,-1.510225212,-1.864683624,-1.683131754
TTO,Trinidad and Tobago,Cntry/Terr,1399.491,272.805,8.316,302,1.330817338,1.220300803,1.918275402,365,1.118263712,1.025398503,1.611894968,9.918830871,69.36379991,75.01286789,72.11944283,-1.600420749,-1.322711356,-1.464952752
RUS,Russian Federation,Cntry/Terr,145934.46,8.911,12.719,302,1.445309401,1.043524997,1.640389262,365,1.40963279,1.017766197,1.599897219,14.28008579,66.03936777,76.46704448,71.12603934,-1.171625096,-1.380046748,-1.273294194
US12,Florida,U.S.A.,21586.29515,154.3498899,9.7,302,2.117640825,1.075465096,1.690598117,365,2.002566893,1.017023648,1.598729954,12.16820151,74.682509,80.52544896,77.53272362,-2.466228616,-2.172672855,-2.323030684
ES19,Melilla,Spain,85.18719925,7098.933271,5.78,302,0.978950364,0.825764615,1.298076626,365,1.185624142,1.000098166,1.572123615,7.64298644,76.61962221,81.03180719,78.77190756,-2.108256786,-1.703869211,-1.910994554
USA,United States of America,Cntry/Terr,331002.647,36.185,8.685,302,1.45185675,0.923591032,1.45185675,365,1.571969302,1,1.571969302,10.65890722,74.31918825,79.67102484,76.92984024,-2.136845223,-1.827584507,-1.985986337
UKR,Ukraine,Cntry/Terr,43733.759,75.492,15.191,302,1.41477761,0.959044814,1.507589007,365,1.469391186,0.996066086,1.56578531,16.44345492,66.13041221,75.77225199,70.83374869,-1.062664685,-1.175370202,-1.117642986
US19,Iowa,U.S.A.,3194.037144,22.07107123,9.71,302,1.163187757,0.679883468,1.068755941,365,1.679379343,0.98159755,1.543041215,11.64348983,74.8158202,79.9490834,77.31985103,-2.075627229,-1.7677874,-1.925461459
US42,Pennsylvania,U.S.A.,12966.16963,111.6976917,10.59,302,1.430346031,0.794440241,1.248835672,365,1.752098009,0.973147151,1.529757448,12.74332174,73.58564093,79.25052989,76.3490014,-1.946664839,-1.699894411,-1.82628902
ABW,Aruba,Cntry/Terr,106.766,593.144,8.974,302,1.381060741,1.059116433,1.66489852,365,1.264447483,0.969687334,1.524318721,10.82637158,72.40976412,77.45027192,74.86854841,-1.497981784,-1.315168713,-1.408804676
AND,Andorra,Cntry/Terr,77.265,164.394,NA,302,0.719549945,NA,1.66489852,365,0.867145538,0.969687334,1.524318721,NA,NA,NA,NA,NA,NA,NA
BMU,Bermuda,Cntry/Terr,62.273,1245.46,NA,302,1.746741516,NA,1.66489852,365,1.461307469,0.969687334,1.524318721,NA,NA,NA,NA,NA,NA,NA
CYM,Cayman Islands,Cntry/Terr,65.72,273.833,NA,302,0,NA,1.66489852,365,0.015216068,0.969687334,1.524318721,NA,NA,NA,NA,NA,NA,NA
IMN,Isle of Man,Cntry/Terr,85.032,149.179,NA,302,0.454834612,NA,1.66489852,365,0.38808919,0.969687334,1.524318721,NA,NA,NA,NA,NA,NA,NA
LIE,Liechtenstein,Cntry/Terr,38.137,238.356,NA,302,0.697207541,NA,1.66489852,365,1.573275297,0.969687334,1.524318721,NA,NA,NA,NA,NA,NA,NA
MAF,Saint Martin (French part),Cntry/Terr,38.659,729.415,NA,302,1.344323409,NA,1.66489852,365,1.215758297,0.969687334,1.524318721,NA,NA,NA,NA,NA,NA,NA
MCO,Monaco,Cntry/Terr,39.244,26338.255,NA,302,1.016310925,NA,1.66489852,365,0.866374478,0.969687334,1.524318721,NA,NA,NA,NA,NA,NA,NA
MNP,Northern Marianas,Cntry/Terr,57.557,125.124,NA,302,0.020998476,NA,1.66489852,365,0.017374081,0.969687334,1.524318721,NA,NA,NA,NA,NA,NA,NA
MSR,Montserrat,Cntry/Terr,4.999,49.99,NA,302,0,NA,1.66489852,365,0,0.969687334,1.524318721,NA,NA,NA,NA,NA,NA,NA
SMR,San Marino,Cntry/Terr,33.938,565.633,NA,302,1.175204961,NA,1.66489852,365,1.473274795,0.969687334,1.524318721,NA,NA,NA,NA,NA,NA,NA
SXM,Siint Maarten (Dutch part),Cntry/Terr,42.882,1261.235,NA,302,1.352857727,NA,1.66489852,365,1.235949816,0.969687334,1.524318721,NA,NA,NA,NA,NA,NA,NA
TCA,Turks and Caicos Islands,Cntry/Terr,38.718,40.756,NA,302,0.530666812,NA,1.66489852,365,0.439072266,0.969687334,1.524318721,NA,NA,NA,NA,NA,NA,NA
VGB,British Virgin Islands,Cntry/Terr,30.237,201.58,NA,302,1.438963316,NA,1.66489852,365,1.190594305,0.969687334,1.524318721,NA,NA,NA,NA,NA,NA,NA
GUM,Guam,Cntry/Terr,168.783,312.561,5.179,302,0.816323071,0.804137602,1.264079625,365,0.983511373,0.968830239,1.522971395,6.494445106,75.25705639,81.77313096,78.43562935,-1.799638747,-1.860991713,-1.829567023
US29,Missouri,U.S.A.,6200.299778,34.74608441,10.12,302,1.333889254,0.810005843,1.27330432,365,1.59218108,0.966853863,1.519864593,12.04739696,73.11114334,78.57195332,75.77495309,-1.887536711,-1.63303353,-1.763388818
US39,Ohio,U.S.A.,11827.21457,111.5068049,10.61,302,1.553474661,0.929570876,1.461256881,365,1.606718123,0.961430791,1.51133969,12.54714805,72.73823469,78.22893368,75.41662444,-1.819727065,-1.559104135,-1.692593928
US26,Michigan,U.S.A.,10114.52751,68.74280431,9.8,302,1.255626248,0.751895948,1.181957348,365,1.588012884,0.9509362,1.494842514,11.92257397,73.65418953,78.88885247,76.20768365,-1.90397823,-1.606405496,-1.758820799
GLP,Guadeloupe,Cntry/Terr,400.127,245.778,8.189,302,1.993572339,1.069454809,1.68115013,365,1.749444551,0.938492099,1.47528077,10.56689468,76.31212978,83.31638359,79.72883895,-2.327273841,-2.269838522,-2.299256612
US06,California,U.S.A.,40011.01516,99.0443494,6.78,302,1.388037879,0.951896195,1.496351597,365,1.364424266,0.935702322,1.470895326,8.622530037,76.35451458,81.5707637,78.89902634,-2.326422835,-1.989847678,-2.162239832
MX20,Oaxaca,Mexico,4386.373341,46.8407516,5.713102866,302,0.914783688,0.957000747,1.504375796,365,0.877262308,0.917747763,1.442671311,8.507968694,69.8102848,75.55853502,72.6143093,-1.581725201,-1.283938983,-1.436463631
US17,Illinois,U.S.A.,12887.40289,89.50418228,8.57,302,0.956953787,0.6095149,0.958138711,365,1.438226162,0.916052882,1.440007009,10.53211237,74.69631614,79.99996341,77.28346115,-1.968544759,-1.676640409,-1.826152393
US44,Rhode Island,U.S.A.,1070.329255,395.4661943,9.59,302,1.24324249,0.711900633,1.119085942,365,1.592967764,0.912158947,1.433885863,11.3681002,75.21841963,80.34933302,77.72130421,-2.018743796,-1.723060484,-1.874508034
BR21,Maranhao,Brazil,7156.397176,21.70959169,NA,302,0.968218614,1.000221941,1.572318187,365,0.875440511,0.904377167,1.421653145,NA,NA,NA,NA,NA,NA,NA
ZWE,Zimbabwe,Cntry/Terr,14862.927,38.42,8.074,302,0.350639089,1.055665836,1.659474288,365,0.298662572,0.899180621,1.413484333,8.110604661,59.04999454,62.35600691,60.6626835,-0.717995876,-0.579033592,-0.650209396
US37,North Carolina,U.S.A.,10501.12334,83.22349013,9.07,302,1.292383021,0.838252418,1.317707068,365,1.323191772,0.858235279,1.349119512,10.84573723,73.81751341,79.07494913,76.3821162,-1.735889223,-1.474302862,-1.60828612
LVA,Latvia,Cntry/Terr,1886.202,30.325,14.598,302,1.626257597,0.828524783,1.302415525,365,1.656238303,0.843798968,1.326426074,16.79545256,69.16682213,78.68477082,73.80972393,-1.203641926,-1.402935742,-1.300858422
IT05,Veneto,Italy,4914.725138,267.2179912,10,302,1.298928016,0.563823859,0.886313799,365,1.937036097,0.840806538,1.321722067,12.41638127,78.72978263,84.40356748,81.49748256,-2.137222421,-1.865905789,-2.004872844
IT21,Bolzano (Provincia autonoma di),Italy,531.1911956,71.77974944,8.3,302,1.048904573,0.513569376,0.807315293,365,1.701835436,0.833260322,1.309859647,10.68591201,78.25722963,84.60826102,81.35529372,-2.214279026,-1.894366589,-2.058224179
US10,Delaware,U.S.A.,979.2538599,193.4328612,9.54,302,1.415643983,0.817449861,1.285006087,365,1.432723482,0.827312252,1.300509463,11.47865287,74.14716052,79.87098068,76.93926791,-1.745930391,-1.515101011,-1.633330693
MTQ,Martinique,Cntry/Terr,375.265,354.024,9.066,302,2.038691775,0.968351127,1.522218246,365,1.734774093,0.823994323,1.295293781,11.54631585,77.34128174,83.76911941,80.47681231,-2.025372423,-1.965842555,-1.996333463
IT08,Emilia-Romagna,Italy,4468.697467,164.4931943,11.2,302,1.580845704,0.639698094,1.005585766,365,2.024303517,0.819145789,1.287672035,13.62192968,78.72420817,84.21482904,81.40255981,-2.109773394,-1.812538521,-1.964780773
AZE,Azerbaijan,Cntry/Terr,10139.175,122.664,6.752,302,0.519005222,0.678477518,1.066545831,365,0.625987815,0.81833215,1.286393019,7.522204406,69.44898014,74.67155333,71.99657682,-1.085255187,-0.890961444,-0.990477751
SRB,Serbia,Cntry/Terr,8737.37,99.901,13.172,302,1.133446835,0.709000573,1.114527136,365,1.292951998,0.808775215,1.27136981,14.5365926,72.32442095,77.72147083,74.95712821,-1.19940265,-0.999947001,-1.102107212
IRQ,Iraq,Cntry/Terr,40222.503,92.61,4.797,302,0.308593854,0.793456349,1.247289024,365,0.313704992,0.806598106,1.267947462,5.094322247,67.65963892,72.0429166,69.79782316,-0.983658987,-0.769763175,-0.879319567
TUR,Turkey,Cntry/Terr,84339.067,109.584,5.398,302,0.703864338,0.789286833,1.240734673,365,0.71632284,0.803257326,1.262695858,6.37667845,73.4901697,79.42213743,76.3838125,-1.43338135,-1.292179244,-1.364502274
US25,Massachusetts,U.S.A.,6985.561015,344.1112208,8.57,302,1.135326715,0.687685313,1.081020202,365,1.3134235,0.795561347,1.250598016,10.25044988,75.58272685,81.14659113,78.29680699,-1.799666449,-1.549372223,-1.677571704
US51,Virginia,U.S.A.,8614.990303,84.00098971,8.1,302,1.23989562,0.819439609,1.288133911,365,1.201394272,0.793994298,1.248134663,9.793558083,75.2365605,80.17032251,77.64327367,-1.747821028,-1.463984401,-1.609364137
CPV,Cabo Verde,Cntry/Terr,555.988,137.962,5.642,302,0.513017885,0.873436696,1.373015674,365,0.464038792,0.790047523,1.241930453,6.103181349,68.67351453,75.46081932,71.98439491,-1.010739773,-0.908621945,-0.960926199
US34,New Jersey,U.S.A.,9008.043313,468.8075501,8.31,302,1.195052289,0.726648364,1.142268921,365,1.297285059,0.788810727,1.239986248,10.18191323,75.80347906,80.92736861,78.30293738,-1.828865418,-1.537013693,-1.686498723
GBR,United Kingdom,Cntry/Terr,67886.004,280.602,9.382,302,1.19294211,0.661685495,1.040149287,365,1.416948919,0.785934657,1.235465154,10.95659999,77.93490182,81.62606237,79.73546794,-1.854878359,-1.461655244,-1.663062205
IT22,Trento (Provincia autonoma di),Italy,541.8657773,87.33443467,9.3,302,0.970249562,0.430435929,0.676632067,365,1.760583598,0.78105517,1.227794751,11.54204844,78.88320563,84.80099409,81.76993171,-2.156073565,-1.833269909,-1.998608367
US55,Wisconsin,U.S.A.,5882.865792,41.8196163,9.09,302,0.852188616,0.506112513,0.795593334,365,1.306676078,0.776031387,1.219897518,10.88308475,75.44377221,80.27241383,77.79920715,-1.681460766,-1.410269964,-1.54917257
US31,Nebraska,U.S.A.,1952.140757,9.804175498,8.79,302,0.806713284,0.508077786,0.798682683,365,1.212515026,0.763656633,1.200444785,10.28081656,75.76891554,80.38885954,78.02254676,-1.696354293,-1.407757507,-1.555575373
LUX,Luxembourg,Cntry/Terr,625.976,241.69,7.137,302,0.671904396,0.447377506,0.703263706,365,1.123046251,0.747763571,1.175461379,8.438357899,78.54562775,82.95705427,80.69754313,-1.783091882,-1.498088101,-1.644065647
US08,Colorado,U.S.A.,5762.204408,21.44812677,6.79,302,0.702445135,0.505941879,0.795325103,365,1.035194099,0.745607055,1.172071401,8.30253365,76.1116793,81.14111133,78.56506078,-1.749502654,-1.453058752,-1.604895872
US49,Utah,U.S.A.,3194.496883,15.01064012,5.81,302,0.726793137,0.657715,1.03390779,365,0.822351718,0.744191205,1.169845729,7.050229387,75.90443437,80.14933957,77.97511983,-1.679953292,-1.287462873,-1.488494551
US02,Alaska,U.S.A.,745.4689664,0.504626932,5.96,302,0.834955985,0.708349472,1.113503625,365,0.875958664,0.74313481,1.168185109,7.618043564,74.62458032,79.77203482,77.13553373,-1.635797895,-1.509393995,-1.574137456
IT03,Lombardia,Italy,10073.68575,422.2248067,9.9,302,1.082791239,0.476775812,0.749476941,365,1.687167976,0.742895633,1.167809129,12.16632696,78.65164312,84.44605891,81.47818741,-1.879287991,-1.66518312,-1.774846591
MDV,Maldives,Cntry/Terr,540.542,1801.807,2.839,302,0.436004617,0.844344186,1.32728314,365,0.381098971,0.738016726,1.160139638,3.108954618,76.28351959,79.79065849,77.99431905,-1.501198587,-1.166991339,-1.338170661
ES02,Aragon,Spain,1315.01689,27.556934,10.26,302,1.165396861,0.482463498,0.758417809,365,1.781726164,0.737618117,1.159513037,13.36532811,79.25844021,84.99152284,82.05506588,-1.873855176,-1.720710368,-1.799150392
US24,Maryland,U.S.A.,6109.605046,241.3308835,8.25,302,0.980995225,0.643378425,1.011371133,365,1.110382741,0.728236265,1.144765054,9.748021054,74.76596381,80.38475682,77.50683845,-1.625321392,-1.417745075,-1.524064652
PRT,Portugal,Cntry/Terr,10196.707,111.33,10.591,302,1.332625723,0.615499948,0.967547024,365,1.559719231,0.720387645,1.132427263,12.82760716,77.60457241,83.49617945,80.47852706,-1.625518956,-1.461798166,-1.545655156
JAM,Jamaica,Cntry/Terr,2961.161,273.422,7.562,302,0.774267859,0.814444973,1.280282497,365,0.682164867,0.717562715,1.12798656,8.314304107,71.69318313,75.42167327,73.51195881,-1.272018933,-0.845480882,-1.063951591
ES08,Castilla-La Mancha,Spain,2021.012251,25.43401481,9.54,302,1.432262077,0.654252069,1.028464169,365,1.556150883,0.710844022,1.117424981,12.06927208,79.5921252,84.82649696,82.14547727,-1.842947169,-1.585992551,-1.717603453
US27,Minnesota,U.S.A.,5677.123817,27.5312287,9.96,302,0.722765367,0.452197783,0.710841033,365,1.131382758,0.707849045,1.112716969,9.474052395,76.75443158,81.53351344,79.08569102,-1.676639404,-1.400114765,-1.541749336
US36,New York,U.S.A.,19779.54009,161.7168556,7.83,302,1.123580588,0.681405454,1.071148456,365,1.161553802,0.704434648,1.107349642,9.737586934,76.3471146,81.61432748,78.91648674,-1.703827102,-1.485890843,-1.597516732
IT16,Puglia,Italy,4034.220346,206.5868249,9.6,302,1.306209372,0.598380633,0.940635987,365,1.533629666,0.702562935,1.104407367,11.75877234,78.48049101,84.07758728,81.21078187,-1.790730387,-1.513428455,-1.655461152
BEL,Belgium,Cntry/Terr,11589.616,382.748,9.794,302,0.672421984,0.355423234,0.558714412,365,1.327740281,0.701805942,1.103217397,11.28832992,77.8763578,82.61182927,80.18634389,-1.628580114,-1.383996676,-1.50927112
IDN,Indonesia,Cntry/Terr,273523.621,150.987,6.447,302,0.535520114,0.788181638,1.238997339,365,0.47664622,0.701530696,1.102784719,7.156961956,68.78556102,73.3852224,71.02929828,-0.915937554,-0.747110408,-0.833582849
IT15,Campania,Italy,5801.772904,424.5346976,9.2,302,1.085124461,0.581967888,0.914835654,365,1.293053024,0.693482973,1.090133945,10.99594343,76.7623531,82.86194691,79.73776471,-1.579391015,-1.355942805,-1.470391888
KWT,Kuwait,Cntry/Terr,4270.563,239.65,2.666,302,0.432155282,0.733391922,1.152869588,365,0.405332974,0.68787295,1.081315161,3.482165671,73.83814098,76.05462668,74.91935352,-1.007904979,-0.663769117,-0.840033827
ITA,Italy,Cntry/Terr,60461.828,205.555,10.474,302,1.156299861,0.502493511,0.789904374,365,1.571834712,0.683072592,1.073769146,12.51146825,79.73308508,84.17726385,81.90097716,-1.736504059,-1.480987154,-1.611861666
ZMB,Zambia,Cntry/Terr,18383.956,24.73,6.576,302,0.215109824,0.812037491,1.276498007,365,0.18026588,0.680501941,1.069728161,6.510837038,60.35339499,66.42413239,63.31473031,-0.604588583,-0.538079574,-0.572145164
IT01,Piemonte,Italy,4369.051871,172.3478019,12.3,302,1.075812693,0.420521613,0.661047066,365,1.735845722,0.6785202,1.066612925,14.56175611,78.10242305,83.94544525,80.95267778,-1.651018551,-1.425946669,-1.541227389
US09,Connecticut,U.S.A.,3613.793665,287.9608645,8.73,302,0.921725882,0.526097571,0.827009232,365,1.157232645,0.660518811,1.038315294,10.46479158,76.21990102,81.6300669,78.85900633,-1.541553138,-1.328438068,-1.437594567
CUW,Curacao,Cntry/Terr,164.1,369.595,8.766,302,1.178412452,0.734165396,1.154085466,365,1.054235222,0.656801461,1.032471734,10.38590878,74.53371851,80.51866813,77.45320613,-1.409849319,-1.22928133,-1.321767373
GRC,Greece,Cntry/Terr,10423.056,80.862,10.812,302,1.271218676,0.564804434,0.887855232,365,1.46329445,0.650143999,1.022006409,12.94514426,78.33775705,83.46942552,80.84100997,-1.649877342,-1.304010046,-1.481161588
ES09,Catalunia,Spain,7623.413639,237.3933808,8.41,302,1.142591421,0.564435996,0.887276059,365,1.30807542,0.646184488,1.015782179,10.70594335,79.39868502,85.1061659,82.18282203,-1.648617905,-1.498670888,-1.575473019
FRA,France,Cntry/Terr,65273.512,119.209,9.269,302,0.99620189,0.495791376,0.779368823,365,1.291856335,0.642933161,1.010671192,10.94288371,78.26974648,84.11057734,81.11893226,-1.606843814,-1.479446578,-1.544698821
IT13,Abruzzo,Italy,1314.662443,121.4633779,11.2,302,1.237418844,0.507717797,0.798116791,365,1.565420851,0.642298305,1.009673218,13.33234437,78.3135063,84.36979091,81.26779148,-1.6186833,-1.416911705,-1.520258132
LKA,Sri Lanka,Cntry/Terr,21413.25,341.465,6.616,302,0.761517112,0.750633656,1.179973064,365,0.638950183,0.62981843,0.990055238,7.64255068,72.70740939,79.47085988,76.00665353,-1.070607278,-0.924536201,-0.999353094
NPL,Nepal,Cntry/Terr,29136.808,203.256,6.39,302,0.395143213,0.68599333,1.078360456,365,0.362771378,0.629793801,0.990016522,6.737587971,68.6596783,71.86962156,70.22550428,-0.811186454,-0.595239399,-0.705846427
IT09,Toscana,Italy,3740.108828,295.7172038,11.6,302,1.163010214,0.452264806,0.710946392,365,1.615728386,0.628315278,0.987692329,13.67203085,79.40679808,84.70090417,81.98928885,-1.64601955,-1.409404596,-1.530597621
IT19,Sicilia,Italy,5005.164692,193.9039583,10.4,302,1.110048752,0.526227729,0.827213836,365,1.321035452,0.626247707,0.984442171,12.15835141,77.1654264,83.26638315,80.14150286,-1.482087831,-1.256440315,-1.372015872
ALB,Albania,Cntry/Terr,2877.8,105.029,7.821,302,0.722780095,0.530992302,0.834703598,365,0.846827438,0.622124009,0.977959845,9.317737297,75.87573166,79.40991427,77.59972318,-1.223642983,-0.880977537,-1.056489107
US11,District of Columbia,U.S.A.,712.3303507,4477.249219,7.15,302,0.682072478,0.547513088,0.860673767,365,0.766498296,0.615283365,0.967206562,8.485998699,73.57511532,79.88706239,76.65411389,-1.324514712,-1.279634458,-1.302621905
ES10,Comunitat Valenciana,Spain,4976.319402,213.9892239,8.81,302,1.184730229,0.590776185,0.928682028,365,1.227815079,0.612260826,0.962455223,10.94420859,78.93237045,84.34199777,81.57121305,-1.50647152,-1.303974326,-1.407692401
IT07,Liguria,Italy,1557.701965,192.215632,14.3,302,1.190219094,0.410654424,0.645536148,365,1.766705096,0.609556061,0.958203416,16.46918798,78.46515798,84.12137226,81.22428689,-1.506926039,-1.321834131,-1.416637303
ES03,Asturias (Principado de),Spain,1024.060356,96.57302491,12.64,302,0.866276289,0.317986947,0.499865719,365,1.654199374,0.60721252,0.954519442,15.52094398,78.62612104,84.66182391,81.57036634,-1.465278848,-1.362305518,-1.415047955
AUT,Austria,Cntry/Terr,9006.4,109.289,9.873,302,0.683586742,0.360191428,0.566209868,365,1.151958607,0.606983124,0.954158837,11.14223993,77.97143963,82.81101016,80.33220574,-1.400465391,-1.1641371,-1.285183298
IT14,Molise,Italy,306.5562812,68.83074598,12.1,302,1.210358649,0.47415575,0.745358283,365,1.539684648,0.603168597,0.948162519,14.1633246,78.58637398,84.47364241,81.45821224,-1.507494978,-1.359765854,-1.435431991
ES01,Andalucia,Spain,8349.379562,95.31364013,8.33,302,0.889370918,0.490192291,0.770567233,365,1.087985033,0.599661924,0.942650136,10.43427459,78.21263089,83.70846647,80.8935263,-1.379379018,-1.200431715,-1.29208765
IT12,Lazio,Italy,5885.980142,341.7079017,9.7,302,1.028943509,0.468557908,0.736558648,365,1.309892289,0.596495712,0.937672948,11.63230904,78.66768315,84.28933976,81.40995467,-1.522300131,-1.314101434,-1.420739791
IT10,Umbria,Italy,884.4952379,104.6532522,11.4,302,1.147809219,0.438531235,0.689357639,365,1.545514256,0.59047816,0.928213541,13.63515857,79.8342761,84.86853175,82.29001056,-1.596437895,-1.358459245,-1.480350749
ES14,Murcia (Region de),Spain,1479.460206,130.7636738,7.65,302,0.821827395,0.481722947,0.757253685,365,0.994281559,0.582808806,0.916157553,9.254316555,79.13357682,84.41675318,81.71073602,-1.418561006,-1.228040571,-1.325624209
ES07,Castilla y Leon,Spain,2401.521003,25.48735994,11.91,302,1.138392781,0.398703733,0.626750028,365,1.633131667,0.571978058,0.899131949,14.9335686,80.22751253,85.61543656,82.85576816,-1.558314225,-1.416195341,-1.48898794
ES16,Pais Vasco,Spain,2202.965935,304.5294354,9.89,302,1.113715279,0.471795483,0.741648016,365,1.345458844,0.569967402,0.89597126,12.20946176,79.80057467,85.43886823,82.55096178,-1.46753658,-1.382134809,-1.42587718
EST,Estonia,Cntry/Terr,1326.539,31.294,11.619,302,1.149807809,0.611654165,0.961501571,365,1.07045477,0.569441357,0.895144332,13.30450406,73.45521788,81.74632657,77.49966114,-1.015648459,-1.030469354,-1.022878164
ISR,Israel,Cntry/Terr,8655.541,399.979,5.334,302,0.664100106,0.562330085,0.883965631,365,0.665700734,0.563685425,0.886096184,6.14637568,79.98116792,83.44595445,81.67130769,-1.526945021,-1.161913659,-1.348880942
CHE,Switzerland,Cntry/Terr,8654.618,219.016,8.011,302,0.499105742,0.264263345,0.415413866,365,1.059896578,0.561187322,0.882169244,9.398869052,80.49694903,84.48151645,82.44064045,-1.510703815,-1.235324498,-1.376372441
PHL,Philippines,Cntry/Terr,109581.085,367.512,5.831,302,0.365115944,0.628392112,0.98781311,365,0.324554187,0.558582266,0.878074175,6.376578639,66.68933098,74.85924589,70.67465533,-0.688629168,-0.754463108,-0.720743285
US53,Washington,U.S.A.,7627.572498,44.23181191,7.7,302,0.81191151,0.544020288,0.855183193,365,0.825426438,0.553075949,0.869418413,8.775254179,76.63628912,81.37995929,78.95027457,-1.292693532,-1.083268204,-1.190534835
ESP,Spain,Cntry/Terr,46754.783,93.735,9.017,302,0.943135792,0.454199628,0.713987873,365,1.129317614,0.543861918,0.85493424,10.84870387,79.53086563,85.10154682,82.24827109,-1.398911563,-1.259254368,-1.330786102
ES11,Extremadura,Spain,1063.075772,25.53383704,10.56,302,1.05276803,0.458108875,0.720133089,365,1.244502072,0.541541373,0.851286414,12.89288624,78.87426269,84.71698813,81.72437266,-1.319171774,-1.180613285,-1.251582267
IT11,Marche,Italy,1529.183236,162.6748442,11.2,302,1.210835536,0.47336913,0.744121741,365,1.376551842,0.538154958,0.845963074,13.27004001,79.72336009,85.1062986,82.34918375,-1.432908846,-1.230578176,-1.334210958
WWW,World,Global,7794798.729,59.917,7.546,302,0.490124724,0.529011311,0.831589542,365,0.493532307,0.532689253,0.837371153,8.237829349,69.48698446,74.40291191,71.88499785,-0.872936243,-0.754604576,-0.815213479
US41,Oregon,U.S.A.,4244.225318,17.0693214,8.84,302,0.820409627,0.494953557,0.778051798,365,0.877191883,0.529210322,0.83190238,10.13235844,76.07837879,80.86591838,78.41376396,-1.193275506,-0.993222543,-1.095688695
IRL,Ireland,Cntry/Terr,4937.796,71.677,6.049,302,0.783009476,0.571396795,0.898218221,365,0.721982034,0.52686236,0.828211456,7.133102037,79.50017557,82.97152793,81.19351818,-1.322309332,-1.035470926,-1.182388158
ES17,"Rioja, La",Spain,315.7410548,62.58494644,10,302,0.907200356,0.389246774,0.61188398,365,1.209852169,0.519103692,0.816015068,12.17407251,79.98066184,85.63014064,82.73650516,-1.330996127,-1.260933752,-1.296819359
STP,Sao Tome and Principe,Cntry/Terr,219.161,228.293,4.869,302,0.215073675,0.594571803,0.934648623,365,0.18707708,0.517175137,0.812983439,4.868718375,67.47231781,72.460007,69.90533693,-0.627872626,-0.513174729,-0.571922432
MMR,Myanmar,Cntry/Terr,54409.794,83.286,8.19,302,0.354076543,0.55405381,0.870955581,365,0.323783619,0.506651883,0.796441208,8.747918314,63.63139693,69.83469407,66.65739553,-0.525594983,-0.439290101,-0.48349504
MLT,Malta,Cntry/Terr,441.539,1379.809,8.24,302,0.659680876,0.352985486,0.554882349,365,0.930835102,0.498076105,0.782960347,9.790185835,79.62353637,83.35246603,81.44252645,-1.250320201,-1.015497094,-1.135772344
SLV,El Salvador,Cntry/Terr,6486.201,313.041,7.024,302,0.424285851,0.499130344,0.784617578,365,0.411334771,0.483894678,0.76066758,7.612045806,67.90491638,77.27897291,72.47762688,-0.779301171,-0.725087034,-0.75285525
AFG,Afghanistan,Cntry/Terr,38928.341,59.627,6.517,302,0.157625758,0.510454383,0.80241862,365,0.148041243,0.479415942,0.753627144,6.403988822,63.14815554,66.32291872,64.6968205,-0.502761635,-0.36742354,-0.436743052
ES13,Madrid (Comunidad de),Spain,6611.809049,823.5935536,7.06,302,0.796623007,0.416091769,0.654083487,365,0.912155804,0.476436807,0.748944035,8.791455103,81.14976251,86.40269653,83.71216935,-1.362853677,-1.233694675,-1.299849286
DEU,Germany,Cntry/Terr,83783.945,240.372,11.158,302,0.890488732,0.413566306,0.650113538,365,1.021221906,0.474282219,0.745557089,12.66148079,78.01919781,82.90978172,80.4048485,-1.116386419,-0.935086007,-1.027947194
SWE,Sweden,Cntry/Terr,10099.27,24.612,9.185,302,0.752862427,0.395398029,0.621553563,365,0.89986702,0.472603802,0.742918669,10.11185158,80.01140923,83.70249486,81.81193881,-1.202224152,-0.970603775,-1.089238602
CUB,Cuba,Cntry/Terr,11326.616,106.413,8.913,302,0.861431397,0.547694324,0.860958665,365,0.714335155,0.454171175,0.713943146,10.19600224,75.99903916,80.10116305,78.0000752,-0.982236703,-0.793787071,-0.890310053
KGZ,Kyrgyzstan,Cntry/Terr,6524.191,34.016,6.065,302,0.24249283,0.451282007,0.709401462,365,0.236351143,0.439852256,0.691434244,6.1002999,67.0951729,75.19361781,71.04563383,-0.432525569,-0.499111538,-0.46500653
US33,New Hampshire,U.S.A.,1372.566998,59.08418595,9.31,302,0.69122912,0.387539803,0.609200674,365,0.782475465,0.438697356,0.689618777,10.83131991,75.36656929,81.09746107,78.16212626,-0.961688334,-0.838882923,-0.901783256
PRI,Puerto Rico,Cntry/Terr,2860.84,322.53,9.346,302,0.728754839,0.373321513,0.586849958,365,0.854644091,0.437811192,0.688225755,11.21586173,75.71424436,82.65960079,79.10222311,-1.022478332,-0.954807188,-0.989468017
COM,Comoros,Cntry/Terr,869.595,467.273,7.272,302,0.190409869,0.516698781,0.812234623,365,0.160994486,0.436876802,0.686756921,7.27840671,62.30666437,65.98551908,64.10122765,-0.446467411,-0.332079258,-0.390668312
IT17,Basilicata,Italy,564.2859478,56.07689301,11.1,302,0.788196505,0.331919291,0.521766936,365,1.031391978,0.434331911,0.68275643,12.68629497,77.6663137,84.59560001,81.04645336,-1.08740237,-0.963446461,-1.026936073
ES15,Navarra (C. Foral de),Spain,651.0194661,62.65224387,8.51,302,0.542094247,0.252887717,0.397531729,365,0.900126694,0.41991035,0.66008618,10.49892783,80.7501737,86.25109343,83.43354918,-1.124540003,-1.045490558,-1.085979298
MAR,Morocco,Cntry/Terr,36910.558,82.703,5.059,302,0.237919865,0.312618972,0.491427427,365,0.312160006,0.410168105,0.64477167,5.513208985,74.91622452,77.58893652,76.21998647,-0.699241627,-0.505129543,-0.604552806
ARE,United Arab Emirates,Cntry/Terr,9890.4,118.306,1.453,302,0.179145554,0.429867479,0.675738481,365,0.167940629,0.402980778,0.633473413,1.868589233,76.60646793,78.86787903,77.7095953,-0.815331134,-0.573324167,-0.697278955
IT20,Sardegna,Italy,1643.577444,68.23987434,9.9,302,0.680936691,0.289489238,0.455068196,365,0.907775904,0.385926267,0.606664245,11.52553212,79.08003797,85.14567683,82.0388862,-1.034875703,-0.915583474,-0.976684372
US23,Maine,U.S.A.,1355.887065,16.96150026,10.99,302,0.724691136,0.36723404,0.577280638,365,0.747849895,0.37896964,0.59572864,12.53035469,75.24872894,80.46302618,77.79228857,-0.81084624,-0.672454377,-0.743338014
NLD,Netherlands,Cntry/Terr,17134.873,508.152,8.715,302,0.513847902,0.277175517,0.435711404,365,0.690346523,0.37238092,0.585371374,9.86022367,79.82496398,83.32784341,81.53368565,-0.936474854,-0.732718659,-0.837081588
MWI,Malawi,Cntry/Terr,19129.955,202.906,6.772,302,0.133244273,0.447902255,0.704088594,365,0.110559591,0.371647417,0.584218331,6.510226422,61.02058786,67.35855294,64.11227814,-0.333624967,-0.29588063,-0.315213096
MRT,Mauritania,Cntry/Terr,4649.66,4.511,7.268,302,0.116190935,0.314343529,0.494138378,365,0.135708848,0.367147385,0.577144419,7.215599444,63.04217122,66.41711816,64.6884868,-0.395725118,-0.289183074,-0.343753389
IND,India,Cntry/Terr,1380004.385,464.149,7.237,302,0.270143457,0.395826835,0.622227634,365,0.246292696,0.360879583,0.567291627,7.68899111,68.13321568,70.80436548,69.43621558,-0.49877532,-0.355067,-0.4286737
ES04,Balears (Illes),Spain,1137.723314,227.9093177,6.7,302,0.559834784,0.334130647,0.52524312,365,0.573074307,0.342032497,0.537664585,8.065253992,80.33560786,85.37323282,82.79298589,-0.899835699,-0.785523432,-0.844073618
VIR,United States Virgin Islands,Cntry/Terr,104.423,298.351,8.469,302,0.671301703,0.393938367,0.61925902,365,0.574586059,0.337182957,0.530041258,9.892593915,77.43851593,82.54834981,79.93111783,-0.70375783,-0.660860477,-0.682832292
CYP,Cyprus,Cntry/Terr,1207.361,130.667,6.991,302,0.45346835,0.333846812,0.52479694,365,0.453054223,0.333541929,0.524317674,7.883249933,78.37468033,82.54219865,80.40761609,-0.715355196,-0.601018083,-0.659580994
MX07,Chiapas,Mexico,5412.678969,73.8003337,4.528434843,302,0.237582955,0.355126439,0.558247861,365,0.221516925,0.331111786,0.520497564,5.747078443,70.99952584,76.54904699,73.70660933,-0.616731156,-0.498701006,-0.559155473
REU,Reunion,Cntry/Terr,895.308,358.123,6.21,302,0.448179038,0.35773153,0.562342983,365,0.396511592,0.316491148,0.497514369,6.785260543,76.83365506,83.09705958,79.88897434,-0.796373437,-0.713878371,-0.756131941
IT18,Calabria,Italy,1949.986623,128.1470989,10.1,302,0.603688977,0.275296971,0.432758387,365,0.687697025,0.3136067,0.492980105,11.45108486,78.31395186,84.53459641,81.34841262,-0.801960951,-0.682279907,-0.743579954
GMB,Gambia,Cntry/Terr,2416.664,238.801,7.994,302,0.108024782,0.365380484,0.574366905,365,0.091448377,0.30931284,0.486230289,7.669642964,60.6981809,63.63134346,62.1289919,-0.280046673,-0.198681448,-0.240356319
BRB,Barbados,Cntry/Terr,287.371,668.305,8.98,302,0.605627343,0.365757798,0.57496003,365,0.501094404,0.302627,0.475720354,9.713066558,77.1752818,80.03675965,78.57112465,-0.803259601,-0.561918849,-0.685532405
QAT,Qatar,Cntry/Terr,2881.06,248.153,1.191,302,0.152698581,0.344533808,0.541596569,365,0.132242994,0.298379866,0.469043989,1.503670416,78.57570273,81.51109941,80.00760355,-0.751916193,-0.627814615,-0.691378838
CAN,Canada,Cntry/Terr,37742.157,4.15,7.712,302,0.42747226,0.247637839,0.389279081,365,0.505138061,0.292630211,0.460005708,8.550058113,79.8768531,83.84308926,81.81160244,-0.769512286,-0.646818332,-0.709661577
SEN,Senegal,Cntry/Terr,16743.93,86.968,5.806,302,0.105963081,0.314629128,0.494587331,365,0.092988922,0.276105821,0.434029874,5.641654494,65.66636663,69.91878328,67.74071622,-0.307001114,-0.229675945,-0.269281519
RWA,Rwanda,Cntry/Terr,12952.209,525.019,5.317,302,0.115241535,0.317817659,0.499599604,365,0.099828531,0.275311067,0.432780546,5.345860432,66.66914534,71.06757355,68.81472007,-0.336355771,-0.262515935,-0.300336339
BRN,Brunei Darussalam,Cntry/Terr,437.483,83.014,4.403,302,0.221011426,0.32890502,0.517028595,365,0.182864248,0.272135113,0.427788043,4.938337589,74.32317826,76.90631212,75.58324356,-0.525992694,-0.348125805,-0.439228358
BLR,Belarus,Cntry/Terr,9449.321,46.569,12.554,302,0.403666132,0.280139435,0.440370592,365,0.384683725,0.266965873,0.419662157,13.05333733,69.39381193,79.23162283,74.19274408,-0.329532393,-0.384197644,-0.356198369
ES06,Cantabria,Spain,579.7329059,108.9518711,10.33,302,0.452394903,0.192342702,0.302356823,365,0.624425483,0.265484169,0.417332963,11.83074914,80.11258978,86.13209707,83.0489348,-0.676926081,-0.661527397,-0.669414528
US50,Vermont,U.S.A.,634.3248119,26.47896592,9.63,302,0.426797867,0.233998972,0.367839201,365,0.476096779,0.261027914,0.410327868,10.62766685,76.25303745,81.3794429,78.75372304,-0.588201891,-0.492390164,-0.541464463
KEN,Kenya,Cntry/Terr,53771.3,94.478,5.518,302,0.080916648,0.257953219,0.405494542,365,0.081828038,0.260858628,0.410061756,5.55061849,64.1438512,68.95353951,66.49004062,-0.282247081,-0.227958493,-0.255764843
US15,Hawaii,U.S.A.,1439.609391,86.53318852,7.98,302,0.506242454,0.275595665,0.433227925,365,0.475823515,0.259035758,0.40719626,8.899137981,78.26908604,84.59514922,81.35497052,-0.74641479,-0.729779606,-0.738300066
ES12,Galicia,Spain,2697.559136,91.21079075,11.57,302,0.56856035,0.211896478,0.333094758,365,0.666528483,0.248408174,0.390490023,13.69023967,79.93944694,85.88256045,82.8385267,-0.652847173,-0.601084072,-0.62759688
SYR,Syrian Arab Republic,Cntry/Terr,17500.657,95.304,5.522,302,0.126450314,0.233509154,0.367069222,365,0.130395105,0.240793791,0.378520448,5.159190916,69.00105466,78.06157227,73.42081935,-0.341710336,-0.316693123,-0.329506817
DJI,Djibouti,Cntry/Terr,988.002,42.623,7.078,302,0.146794351,0.274179757,0.431002161,365,0.121457244,0.226855579,0.356610007,7.23568353,64.92097478,69.23382351,67.02480343,-0.284043821,-0.210605667,-0.248220331
SOM,Somalia,Cntry/Terr,15893.219,25.334,10.935,302,0.08197715,0.260673602,0.4097709,365,0.069589427,0.221282718,0.34784964,10.62142519,55.75151445,59.23668793,57.45159907,-0.197797532,-0.14315576,-0.171143009
DOM,Dominican Republic,Cntry/Terr,10847.904,224.501,6.127,302,0.190518081,0.235541824,0.370264516,365,0.176255247,0.217908358,0.34254525,6.532973065,70.7021031,77.10740706,73.82664162,-0.444718568,-0.398974144,-0.422404215
EGY,Egypt,Cntry/Terr,102334.403,102.802,5.833,302,0.128166359,0.232007429,0.364708556,365,0.120360305,0.217876869,0.34249575,5.896102112,69.5946647,74.28361115,71.88195565,-0.27745069,-0.226789278,-0.252737806
BGD,Bangladesh,Cntry/Terr,164689.383,1265.187,5.548,302,0.148887952,0.235674652,0.370473318,365,0.134192014,0.212412461,0.333905868,5.765747809,70.79299019,74.5562885,72.62874547,-0.33928254,-0.286379666,-0.31347626
THA,Thailand,Cntry/Terr,69799.978,136.624,7.608,302,0.328004193,0.254933608,0.400747805,365,0.271447077,0.210975909,0.331647652,8.442622671,73.20802627,80.58173272,76.80495624,-0.425235056,-0.396682007,-0.411306739
ES05,Canarias,Spain,2136.112961,286.8420788,7.05,302,0.337781638,0.200319111,0.314895494,365,0.349232467,0.207109948,0.32557048,8.316889415,79.57117013,84.73587461,82.09053817,-0.528109969,-0.457082448,-0.493462398
PAK,Pakistan,Cntry/Terr,220892.331,286.546,6.983,302,0.099881975,0.204465668,0.321413754,365,0.098310339,0.201248416,0.316356332,7.035838691,66.16871801,68.273693,67.19553508,-0.267665605,-0.171103463,-0.220562121
GAB,Gabon,Cntry/Terr,2225.728,8.638,6.909,302,0.092855994,0.225569431,0.354588222,365,0.081321707,0.197549888,0.310542359,6.837440403,64.25334149,68.57254029,66.36026773,-0.213140565,-0.163055968,-0.188709054
MOZ,Mozambique,Cntry/Terr,31255.435,39.746,8.622,302,0.068173044,0.223296831,0.351015763,365,0.059125717,0.193662838,0.304432037,8.21567134,57.86588409,63.75308754,60.73769065,-0.152184238,-0.134652748,-0.143632292
DNK,Denmark,Cntry/Terr,5792.203,136.512,9.717,302,0.294838579,0.1619284,0.254546474,365,0.348226746,0.191249734,0.300638711,10.31858891,78.66406064,82.59714152,80.58263668,-0.44293929,-0.368555366,-0.406654449
SAU,Saudi Arabia,Cntry/Terr,34813.867,16.195,3.47,302,0.089047355,0.164230868,0.258165883,365,0.101626171,0.187430095,0.294634356,3.791213847,73.78706206,76.71151691,75.2136254,-0.301256036,-0.221749011,-0.262472121
GNQ,Equatorial Guinea,Cntry/Terr,1402.985,50.017,9.434,302,0.06633208,0.215599729,0.338916155,365,0.05702128,0.185336753,0.291343686,8.951195172,57.8531708,60.13171255,58.96465458,-0.156846999,-0.107216194,-0.132636851
CHI,Channel Islands,Cntry/Terr,173.859,915.047,7.808,302,0.312824859,0.177231334,0.278602217,365,0.316348305,0.179227547,0.281740202,8.389642607,80.85391786,84.61239189,82.68731983,-0.476557848,-0.409742738,-0.443965111
VEN,Venezuela (Bolivarian Republic of),Cntry/Terr,28435.943,32.238,6.953,302,0.162360975,0.198377297,0.311843022,365,0.143796884,0.175695159,0.276187396,7.439233205,68.22346837,75.90684449,71.97145672,-0.268305301,-0.258336318,-0.263442382
GNB,Guinea-Bissau,Cntry/Terr,1967.998,69.986,9.718,302,0.05895661,0.189591683,0.298032305,365,0.05081306,0.163403791,0.256865743,9.408205209,56.42683672,60.42147935,58.37544288,-0.121001624,-0.092472856,-0.107085152
AGO,Angola,Cntry/Terr,32866.268,26.363,8.332,302,0.047805612,0.172971145,0.27190533,365,0.043966051,0.159078773,0.250066948,7.904912501,58.50468802,64.14530535,61.25620867,-0.132921542,-0.11239006,-0.122906185
CMR,Cameroon,Cntry/Terr,26545.864,56.157,9.355,302,0.056365025,0.179035938,0.281438999,365,0.047502692,0.150885927,0.237188046,9.002305975,58.12724885,60.74266911,59.40306361,-0.126763312,-0.088090002,-0.107898283
SDN,Sudan,Cntry/Terr,43849.269,24.843,7.243,302,0.044954951,0.111691246,0.17557521,365,0.051608614,0.128222372,0.201561633,7.168260491,63.49967583,67.30057658,65.35377375,-0.156593762,-0.112859121,-0.135259791
YEM,Yemen,Cntry/Terr,29825.968,56.492,6.006,302,0.051219867,0.152983414,0.240485231,365,0.04281504,0.127879889,0.20102326,6.023687747,64.4033159,67.84070139,66.08008931,-0.138597176,-0.104175466,-0.121806098
DZA,Algeria,Cntry/Terr,43851.043,18.411,4.719,302,0.086846915,0.120797514,0.189889984,365,0.091651184,0.12747989,0.200394473,4.954949422,75.5639473,78.11116945,76.80649469,-0.278227666,-0.187994582,-0.234211527
ETH,Ethiopia,Cntry/Terr,114963.583,114.964,6.662,302,0.047360952,0.124341071,0.195460347,365,0.043770382,0.114914418,0.180641937,6.422594719,64.82058135,68.72323925,66.72431691,-0.145222794,-0.10645315,-0.126310773
LBR,Liberia,Cntry/Terr,5057.677,52.509,7.599,302,0.04874892,0.130764618,0.205557966,365,0.040532442,0.108724651,0.170911814,7.43217617,62.75530457,65.63826685,64.16162763,-0.117330803,-0.081159355,-0.099686194
MUS,Mauritius,Cntry/Terr,1271.767,626.486,8.299,302,0.146352145,0.126366106,0.19864364,365,0.121091363,0.10455497,0.164357203,8.991596098,71.63545319,78.41080547,74.94050308,-0.170988535,-0.167032396,-0.169058711
COG,Congo,Cntry/Terr,5518.092,16.158,6.754,302,0.032853999,0.09695537,0.152410865,365,0.030082862,0.088777472,0.139555461,6.694749786,63.09385306,66.08642986,64.55364662,-0.08868035,-0.063936039,-0.076609954
GIN,Guinea,Cntry/Terr,13132.792,53.446,8.539,302,0.027977084,0.091051157,0.143129623,365,0.023909615,0.077813618,0.122320619,8.177660599,60.98080726,62.33657289,61.64215635,-0.073132094,-0.047933674,-0.060840182
MLI,Mali,Cntry/Terr,20250.834,16.596,9.821,302,0.017486811,0.062328416,0.097978357,365,0.021233693,0.075683465,0.118972083,9.244224009,58.74329481,60.37337352,59.53845516,-0.070287649,-0.044099007,-0.057512702
GHA,Ghana,Cntry/Terr,31072.945,136.56,7.349,302,0.032672532,0.085261228,0.134028033,365,0.027773357,0.072476493,0.113930822,7.249259869,63.11601295,65.36628476,64.21370652,-0.072520794,-0.049654145,-0.061366331
MDG,Madagascar,Cntry/Terr,27691.019,47.596,6.129,302,0.030639671,0.084400811,0.132675484,365,0.026181774,0.072120976,0.11337196,5.942589654,65.61412098,68.93556693,67.23433852,-0.087852852,-0.063012605,-0.075735659
FIN,Finland,Cntry/Terr,5540.718,18.233,9.728,302,0.129352423,0.06457471,0.101509462,365,0.144205137,0.071989412,0.113165146,10.23165612,79.09803676,84.67732299,81.8196398,-0.176787809,-0.155995703,-0.166645318
HTI,Haiti,Cntry/Terr,11402.533,413.735,8.568,302,0.045153787,0.082950011,0.130394871,365,0.037798619,0.069438159,0.109154654,8.506792557,61.9764659,66.36650518,64.11794847,-0.087656156,-0.069879073,-0.078984408
NOR,Norway,Cntry/Terr,5421.242,14.842,7.998,302,0.103443953,0.062416731,0.098117185,365,0.114549397,0.069117611,0.108650763,8.127130384,80.45544597,84.34119385,82.35093274,-0.177241541,-0.146553561,-0.162271795
TGO,Togo,Cntry/Terr,8278.737,152.211,8.559,302,0.025402186,0.075627738,0.118884482,365,0.022950361,0.068328131,0.107409724,8.285596341,60.34332687,62.17127503,61.2350089,-0.062009359,-0.041232022,-0.051874073
CIV,Cote d'Ivoire,Cntry/Terr,26378.275,82.951,10.155,302,0.025383371,0.07601173,0.119488106,365,0.021608691,0.06470827,0.101719414,9.837837294,56.72985528,59.31052357,57.98871786,-0.050067333,-0.03461397,-0.042529107
JPN,Japan,Cntry/Terr,126476.458,346.934,10.427,302,0.142890896,0.052930588,0.083205259,365,0.130838579,0.048466089,0.076187204,11.72776105,81.45589789,87.63833267,84.47171973,-0.13823237,-0.139916265,-0.139053782
SGP,Singapore,Cntry/Terr,5850.343,8357.633,4.448,302,0.069206901,0.052917002,0.083183902,365,0.05743253,0.043914079,0.069031584,5.143229288,81.52300098,85.72602549,83.57325684,-0.125534892,-0.107699195,-0.116834552
ISL,Iceland,Cntry/Terr,341.25,3.404,6.699,302,0.014166849,0.009355501,0.014706561,365,0.064468864,0.042573938,0.066924924,7.053343714,81.56594432,84.51195359,83.00302201,-0.116387485,-0.089647811,-0.103343741
UZB,Uzbekistan,Cntry/Terr,33469.199,78.677,5.772,302,0.025349985,0.044732276,0.070317764,365,0.023185497,0.040912845,0.064313736,5.905596452,69.55206322,73.90143705,71.67370899,-0.05240883,-0.042022508,-0.047342331
TZA,United Republic of Tanzania,Cntry/Terr,59734.213,67.435,6.503,302,0.014244114,0.046288988,0.072764868,365,0.011785541,0.038299382,0.060205452,6.268980723,63.73139634,67.39059669,65.51637212,-0.040592422,-0.029903207,-0.035378171
KOR,Republic of Korea,Cntry/Terr,51269.183,527.298,5.918,302,0.044790213,0.029052428,0.045669525,365,0.046070561,0.029882904,0.046975008,6.768663698,79.96500381,85.98398018,82.90108984,-0.074287629,-0.069943218,-0.072168404
BEN,Benin,Cntry/Terr,12123.198,107.513,8.959,302,0.01166419,0.032019624,0.050333866,365,0.009898378,0.027172255,0.042713951,8.606357738,60.45687093,63.60924463,61.9946142,-0.029548971,-0.020988385,-0.025373076
NGA,Nigeria,Cntry/Terr,206139.587,226.336,11.965,302,0.009398489,0.029730396,0.04673527,365,0.008562159,0.027084821,0.042576507,11.47545477,54.02312276,55.89621096,54.93682432,-0.019047588,-0.012508223,-0.015857654
COD,Democratic Republic of the Congo,Cntry/Terr,89561.404,39.506,9.58,302,0.006747378,0.020247113,0.031827841,365,0.008787267,0.026368287,0.041450138,9.16858254,59.32169765,62.44874073,60.84708452,-0.027551526,-0.019604801,-0.023675075
CAF,Central African Republic,Cntry/Terr,4829.764,7.753,12.388,302,0.00925895,0.029957226,0.047091839,365,0.007867879,0.025456433,0.040016731,11.81993926,51.30500082,55.7008471,53.44931608,-0.015439042,-0.012696495,-0.014101214
BFA,Burkina Faso,Cntry/Terr,20903.278,76.401,8.274,302,0.007458667,0.026331212,0.041391858,365,0.007128069,0.025164105,0.039557201,7.781613562,61.05111359,62.65985955,61.83586772,-0.023822353,-0.015808031,-0.019912928
TWN,"China, Taiwan Province of China",Cntry/Terr,23816.775,672.6,7.502,302,0.042626753,0.027394864,0.043063885,365,0.035269259,0.022666435,0.03563094,8.128218199,77.9245359,83.27799879,80.53598121,-0.057038465,-0.047352287,-0.0523135
NER,Niger,Cntry/Terr,24206.636,19.11,8.407,302,0.005342386,0.018869734,0.029662642,365,0.00586616,0.020719745,0.032570804,7.900015391,61.5203757,63.90597531,62.68408283,-0.020733204,-0.014156775,-0.01752519
AUS,Australia,Cntry/Terr,25499.881,3.319,6.598,302,0.037869934,0.024048404,0.037803353,365,0.031490343,0.019997196,0.031434979,6.89908277,81.58356375,85.46127943,83.47513238,-0.057424453,-0.046957716,-0.052318727
SSD,South Sudan,Cntry/Terr,11193.729,18.322,10.561,302,0.00755804,0.020386418,0.032046824,365,0.006968187,0.0187954,0.029545792,10.24380696,56.55412905,59.60591171,58.04280352,-0.017138585,-0.012313883,-0.014785072
SLE,Sierra Leone,Cntry/Terr,7976.985,110.515,11.913,302,0.006818042,0.020157816,0.031687468,365,0.006017311,0.017790423,0.027966,11.39333574,54.10283498,55.79380846,54.92770009,-0.012531921,-0.009268825,-0.010940167
TCD,Chad,Cntry/Terr,16425.859,13.045,12.241,302,0.005150577,0.018177585,0.028574605,365,0.00474861,0.016758951,0.026344556,11.72643242,53.05247293,55.91267013,54.44769108,-0.013317548,-0.009502268,-0.011456436
NIC,Nicaragua,Cntry/Terr,6624.554,55.049,5.061,302,0.007845086,0.012568888,0.019757906,365,0.008000539,0.012817943,0.020149413,5.199196531,71.14855067,78.12909052,74.55369206,-0.02289535,-0.021158404,-0.022048059
TJK,Tajikistan,Cntry/Terr,9537.642,68.145,4.897,302,0.004435197,0.010839178,0.017038855,365,0.0046133,0.011274442,0.017723077,4.734673446,69.05255916,73.56284017,71.25269624,-0.013838253,-0.010761615,-0.012337454
BDI,Burundi,Cntry/Terr,11890.781,463.037,8.042,302,0.003659132,0.012987047,0.020415239,365,0.003111654,0.011043932,0.017360721,7.666346201,60.01441871,63.66331347,61.79436737,-0.010954594,-0.008092904,-0.009558648
HKG,"China, Hong Kong SAR",Cntry/Terr,7496.988,7139.989,6.605,302,0.010478822,0.005720582,0.008992579,365,0.014405785,0.007864383,0.012362569,7.262334879,82.03921351,87.8235395,84.86083594,-0.023576348,-0.023545691,-0.023561394
NZL,New Zealand,Cntry/Terr,4822.233,18.314,6.984,302,0.000751898,0.000485814,0.000763685,365,0.000622118,0.000401961,0.000631871,7.256404058,80.73866706,84.07998427,82.36857789,-0.001091868,-0.000857111,-0.000977353
CHN,China,Cntry/Terr,1439323.774,153.312,7.121,302,5.63E-05,5.00E-05,7.86E-05,365,7.64E-05,6.79E-05,0.000106786,7.666102862,74.90946447,79.34669839,77.07396882,-0.000117587,-0.000101156,-0.000109572
CN07,Jilin,China,27592.34522,147.2377013,6.26,302,4.38E-05,3.89E-05,6.12E-05,365,3.62E-05,3.22E-05,5.06E-05,NA,NA,NA,NA,NA,NA,NA
CN03,Hebei,China,77845.07058,414.7313297,6.38,302,1.55E-05,1.38E-05,2.17E-05,365,1.28E-05,1.14E-05,1.79E-05,NA,NA,NA,NA,NA,NA,NA
CN01,Beijing,China,22086.18046,1314.653599,5.58,302,0,0,0,365,0,0,0,NA,NA,NA,NA,NA,NA,NA
CN02,Tianjin,China,16016.06958,1416.724421,5.42,302,0,0,0,365,0,0,0,NA,NA,NA,NA,NA,NA,NA
CN05,Inner Mongolia,China,26044.05681,22.01526357,5.95,302,0,0,0,365,0,0,0,NA,NA,NA,NA,NA,NA,NA
CN06,Liaoning,China,44623.5178,305.8500192,7.39,302,0,0,0,365,0,0,0,NA,NA,NA,NA,NA,NA,NA
CN08,Heilongjiang,China,38461.12483,84.71613399,6.67,302,0,0,0,365,0,0,0,NA,NA,NA,NA,NA,NA,NA
CN09,Shanghai,China,24895.65745,3926.140585,5.4,302,0,0,0,365,0,0,0,NA,NA,NA,NA,NA,NA,NA
CN11,Zhejiang,China,59983.35918,588.0721488,5.58,302,0,0,0,365,0,0,0,NA,NA,NA,NA,NA,NA,NA
CN12,Anhui,China,65274.19906,467.2455194,5.96,302,0,0,0,365,0,0,0,NA,NA,NA,NA,NA,NA,NA
CN13,Fujian,China,40737.41641,335.0667578,6.2,302,0,0,0,365,0,0,0,NA,NA,NA,NA,NA,NA,NA
CN14,Jiangxi,China,47843.13742,286.4858528,6.06,302,0,0,0,365,0,0,0,NA,NA,NA,NA,NA,NA,NA
CN15,Shandong,China,103253.4063,671.3485456,7.18,302,0,0,0,365,0,0,0,NA,NA,NA,NA,NA,NA,NA
CN16,Henan,China,98844.37307,591.8824735,6.8,302,0,0,0,365,0,0,0,NA,NA,NA,NA,NA,NA,NA
CN17,Hubei,China,60772.88373,326.911693,7,302,0,0,0,365,0,0,0,NA,NA,NA,NA,NA,NA,NA
CN18,Hunan,China,70934.16732,337.7817491,7.08,302,0,0,0,365,0,0,0,NA,NA,NA,NA,NA,NA,NA
CN19,Guangdong,China,118131.3301,656.2851672,4.55,302,0,0,0,365,0,0,0,NA,NA,NA,NA,NA,NA,NA
CN20,Guangxi,China,50857.68573,215.4986683,5.96,302,0,0,0,365,0,0,0,NA,NA,NA,NA,NA,NA,NA
CN21,Hainan,China,9689.61956,284.9888106,6.01,302,0,0,0,365,0,0,0,NA,NA,NA,NA,NA,NA,NA
CN22,Chongqing,China,32032.13916,389.2118974,7.54,302,0,0,0,365,0,0,0,NA,NA,NA,NA,NA,NA,NA
CN23,Sichuan,China,85873.6125,177.0589948,7.01,302,0,0,0,365,0,0,0,NA,NA,NA,NA,NA,NA,NA
CN24,Guizhou,China,37148.66843,211.0719797,6.85,302,0,0,0,365,0,0,0,NA,NA,NA,NA,NA,NA,NA
CN25,Yunnan,China,49811.82203,126.4259442,6.32,302,0,0,0,365,0,0,0,NA,NA,NA,NA,NA,NA,NA
CN27,Shaanxi,China,39619.77775,192.7031992,6.24,302,0,0,0,365,0,0,0,NA,NA,NA,NA,NA,NA,NA
CN28,Gansu,China,27141.18833,59.74287548,6.65,302,0,0,0,365,0,0,0,NA,NA,NA,NA,NA,NA,NA
CN31,Xinjiang,China,25869.74619,15.58043013,4.56,302,0,0,0,365,0,0,0,NA,NA,NA,NA,NA,NA,NA
